,2009,2010,2011,2012,2013,2014,2015,2016,2017,2018,sum
Networks,273,433,341,413,416,374,426,480,490,439,4085
Learning,77,112,160,209,165,198,328,408,495,679,2831
Analysis,144,227,218,232,219,261,205,218,232,163,2119
Systems,161,188,224,213,246,242,228,218,222,170,2112
Network,120,211,193,205,208,184,174,207,261,277,2040
Data,99,189,160,192,191,180,214,219,236,236,1916
Wireless,127,216,182,178,151,162,137,95,81,81,1410
Model,87,118,136,148,155,138,168,154,148,138,1390
Neural,20,42,26,25,33,61,134,270,372,383,1366
Algorithm,117,203,153,163,158,139,132,98,79,83,1325
Distributed,104,138,148,139,119,137,136,128,123,78,1250
Detection,68,84,76,81,87,141,143,163,187,196,1226
Information,104,127,166,141,140,119,115,120,90,89,1211
Deep,5,3,3,4,21,44,147,251,318,410,1206
System,103,154,119,120,130,130,98,97,83,80,1114
Algorithms,107,121,127,125,141,148,115,92,82,54,1112
Efficient,78,103,125,130,131,107,114,83,93,107,1071
Codes,125,168,135,137,122,84,96,72,61,34,1034
Optimal,80,115,123,119,93,104,91,100,96,79,1000
Image,29,74,45,86,79,93,119,138,171,134,968
Performance,60,123,109,130,109,110,85,95,70,60,951
Control,46,86,77,99,110,91,85,118,113,105,930
Channel,96,157,152,111,87,75,62,76,52,37,905
Design,70,124,84,117,96,101,87,79,71,62,891
Optimization,57,85,80,96,95,81,110,88,83,93,868
Dynamic,69,81,87,108,89,77,86,85,96,88,866
over,80,103,78,111,98,89,84,78,77,38,836
Estimation,42,60,63,84,77,81,82,111,104,116,820
Linear,75,89,99,100,103,95,93,65,59,41,819
Models,40,61,72,78,82,83,104,98,97,103,818
Channels,125,114,135,81,60,72,68,65,35,23,778
Graphs,64,80,97,81,87,83,89,69,70,53,773
Social,24,50,70,90,103,103,83,93,76,66,758
Complexity,98,119,87,86,74,80,62,48,70,33,757
MIMO,77,80,87,58,77,88,94,86,68,36,751
Framework,46,63,69,60,79,81,70,90,78,100,736
Classification,28,43,51,65,62,45,79,110,104,136,723
Recognition,20,50,45,36,63,72,95,108,108,114,711
Online,34,88,54,67,60,69,82,99,80,68,701
Power,50,69,70,70,77,78,81,64,71,57,687
Mobile,45,113,72,79,60,71,62,66,70,46,684
Coding,94,86,103,99,88,54,60,39,27,26,676
Interference,100,121,106,77,75,71,44,46,19,15,674
Modeling,32,62,46,62,55,85,69,85,81,76,653
Computing,71,48,78,64,69,83,59,64,62,55,653
Graph,49,58,60,54,76,62,76,54,64,96,649
networks,61,53,58,73,74,66,68,63,63,65,644
Time,68,75,66,78,67,63,63,45,64,42,631
Energy,31,42,47,64,81,95,83,86,57,42,628
Random,64,80,71,80,62,63,68,51,52,36,627
Applications,62,62,70,62,51,73,62,55,65,63,625
Multiple,55,66,76,75,44,73,58,65,67,44,623
Adaptive,38,55,54,65,73,62,76,74,65,58,620
Towards,40,62,55,46,49,60,63,77,81,79,612
Communication,60,61,63,58,57,67,81,59,63,37,606
Sparse,43,66,54,70,96,55,75,61,45,35,600
Sensor,52,96,57,81,74,65,72,29,43,25,594
Study,27,66,52,53,72,66,58,60,76,60,590
Fast,45,46,36,58,58,57,84,70,63,56,573
Capacity,64,99,99,67,48,48,41,52,24,16,558
Application,46,66,69,68,64,51,50,52,44,41,551
s,66,60,78,51,53,54,57,45,49,36,549
Robust,23,39,61,61,48,51,58,78,69,61,549
an,40,67,62,67,54,52,64,52,48,39,545
Search,48,47,64,67,56,57,52,44,56,54,545
Web,47,76,81,79,65,52,42,26,31,35,534
as,43,50,64,57,54,54,52,54,47,55,530
Logic,47,68,84,66,54,65,40,32,36,33,525
Convolutional,6,9,8,5,14,27,56,110,162,125,522
Machine,14,17,22,26,24,37,62,72,108,130,512
Software,33,65,40,50,86,68,41,48,38,42,511
Evaluation,34,44,44,63,56,55,51,58,48,44,497
Sensing,52,55,58,53,67,48,51,32,45,25,486
Semantic,18,36,45,33,28,36,47,72,80,89,484
Stochastic,27,42,49,47,52,44,56,57,62,46,482
under,33,56,51,41,59,49,41,53,50,44,477
Access,35,50,52,54,50,56,47,65,36,30,475
Programming,46,63,63,53,57,48,44,39,32,30,475
Games,42,62,70,59,48,44,44,48,30,22,469
Gaussian,74,78,57,50,35,42,43,42,31,17,469
Bounds,53,52,60,65,51,45,41,44,37,19,467
Language,28,33,43,30,35,51,51,61,72,61,465
Probabilistic,24,43,56,56,78,52,47,40,41,28,465
Security,40,49,52,40,58,48,48,52,33,44,464
Scheduling,45,65,58,63,45,47,42,30,39,29,463
Cognitive,47,61,62,59,52,52,40,39,31,16,459
Selection,30,45,49,43,47,55,53,49,49,37,457
is,47,60,53,40,48,47,45,38,40,30,448
Clustering,22,49,54,35,60,51,57,47,37,36,448
Theory,58,43,56,43,61,35,49,34,31,35,445
Management,37,62,44,49,38,52,41,51,36,27,437
Prediction,13,25,20,34,32,44,48,60,57,104,437
Bayesian,20,24,22,82,98,36,40,39,41,32,434
Large,39,45,44,50,50,48,53,41,28,31,429
Cloud,16,30,34,48,47,60,58,56,37,39,425
systems,40,54,47,49,42,46,55,41,32,19,425
Hybrid,27,36,42,60,43,39,45,46,45,40,423
Secure,36,64,48,45,35,35,53,28,34,45,423
Segmentation,12,19,14,22,18,23,48,74,90,103,423
algorithm,35,44,48,61,59,48,41,35,36,14,421
through,26,44,44,42,34,32,45,48,43,62,420
Relay,50,66,86,52,43,39,37,22,20,3,418
Parallel,38,49,47,37,52,51,34,31,46,29,414
analysis,42,34,36,44,51,47,41,54,37,24,410
Matrix,33,35,50,39,44,50,51,41,36,28,407
Video,7,18,27,23,34,33,60,56,77,70,405
Allocation,26,32,52,44,38,57,40,48,43,24,404
Approximation,37,44,49,51,46,34,56,33,35,19,404
data,19,48,36,41,48,37,34,41,49,50,403
Joint,25,32,22,31,42,35,55,57,59,43,401
Routing,38,60,60,55,55,39,23,27,22,22,401
3D,13,18,26,23,30,25,39,47,76,83,380
Improved,19,55,36,44,49,30,38,36,39,34,380
Survey,19,37,21,43,42,39,48,41,44,43,377
Cellular,16,34,35,38,41,59,47,54,31,19,374
Generation,12,38,22,34,19,26,40,45,68,67,371
at,33,33,36,34,35,35,29,40,45,49,369
Knowledge,22,30,40,29,34,30,46,40,46,51,368
graphs,39,47,43,39,35,55,33,33,21,22,367
Local,35,43,34,46,39,30,39,41,33,26,366
Visual,8,11,16,18,14,19,35,69,83,93,366
Radio,36,46,38,31,35,50,43,47,22,16,364
Object,12,13,22,18,14,35,57,57,62,74,364
Images,15,34,23,24,14,32,37,54,69,61,363
Methods,16,25,46,40,43,46,36,30,45,36,363
Cooperative,45,46,41,38,41,32,31,33,26,30,363
for,23,36,43,33,38,35,42,41,44,25,360
approach,36,40,36,49,47,30,33,32,32,25,360
Matching,16,26,46,32,41,45,37,40,44,30,357
Case,36,35,59,24,43,35,28,39,34,20,353
codes,42,39,35,24,32,26,52,35,37,27,349
Feature,15,23,31,35,28,38,44,40,43,52,349
Automatic,18,24,27,34,38,30,25,49,58,46,349
Computation,29,40,37,48,34,35,34,41,22,26,346
model,39,38,33,37,33,40,39,31,30,25,345
Generalized,23,38,54,38,38,50,30,34,26,14,345
Functions,40,38,35,36,48,36,34,28,29,19,343
Feedback,47,39,44,31,38,36,40,27,21,14,337
Constraints,43,40,41,34,35,27,33,26,37,21,337
How,34,26,25,31,28,39,32,39,33,45,332
Markov,27,33,34,45,47,36,31,28,25,26,332
Representation,18,23,29,25,31,27,40,39,51,45,328
learning,10,13,17,21,29,20,26,57,55,78,326
Mining,20,48,36,42,32,28,35,27,25,32,325
Set,29,44,49,27,48,22,33,30,20,22,324
Rate,43,45,42,28,39,28,33,22,26,17,323
Scheme,31,57,35,42,38,32,22,21,22,23,323
Transmission,37,50,30,38,32,28,33,35,22,17,322
Finite,27,44,39,37,40,33,33,26,29,13,321
Decision,23,36,37,38,60,23,21,31,24,28,321
Processing,25,25,20,30,34,32,35,46,41,33,321
State,32,32,39,27,38,36,24,27,37,27,319
Novel,19,26,39,55,35,45,26,29,19,24,317
Protocol,35,63,43,56,34,34,15,10,11,16,317
Structure,28,27,39,31,34,27,36,34,30,30,316
Networks:,15,24,30,28,31,37,41,38,40,31,315
Decoding,42,52,55,34,31,27,24,16,22,11,314
Approximate,18,27,30,38,42,47,31,30,27,23,313
network,39,34,31,38,21,28,31,33,33,23,311
User,12,29,28,30,31,47,36,30,37,29,309
Resource,16,23,42,36,26,36,30,34,35,29,307
Retrieval,19,31,28,23,21,36,29,39,38,42,306
Inference,15,20,29,53,50,20,15,22,41,40,305
Tree,23,48,27,34,27,37,33,32,23,18,302
Techniques,32,33,25,40,35,38,30,23,23,23,302
between,33,36,30,32,29,35,24,29,27,26,301
Sampling,27,19,27,33,22,35,39,33,42,24,301
Architecture,21,32,27,34,26,28,25,31,39,37,300
Heterogeneous,17,12,30,37,20,39,33,49,31,31,299
From,23,24,26,34,29,34,29,38,37,24,298
Human,13,27,17,19,27,22,33,36,49,55,298
Space,24,15,28,33,27,40,42,30,25,33,297
Testing,22,39,39,34,33,29,20,30,28,23,297
Implementation,28,53,35,36,24,22,40,24,18,17,297
Hierarchical,11,18,31,29,22,23,36,47,38,41,296
Temporal,12,27,26,28,27,27,35,36,39,38,295
Improving,13,25,29,28,33,21,17,36,44,49,295
Automata,26,42,40,43,28,38,24,27,16,10,294
Text,6,21,12,22,24,22,22,43,51,68,291
:,18,40,17,43,32,26,24,32,29,29,290
Privacy,16,22,32,38,22,28,34,30,39,29,290
its,27,42,37,30,32,21,23,27,26,18,283
problem,31,24,36,35,32,36,30,26,22,11,283
Communications,19,23,20,26,26,27,41,31,44,22,279
Spectrum,22,41,33,41,34,29,29,24,12,13,278
Tracking,7,17,17,23,22,32,35,40,49,36,278
Memory,14,26,26,20,23,30,24,41,27,46,277
Distance,23,41,27,31,38,35,22,27,12,19,275
Quantum,60,38,33,18,26,27,26,15,15,14,272
General,22,36,30,37,31,33,20,27,15,20,271
Game,27,32,23,31,24,20,32,29,32,20,270
Binary,27,29,38,26,27,29,25,24,26,19,270
Adversarial,1,3,2,3,4,3,1,23,93,137,270
High,30,28,30,19,20,34,36,28,25,19,269
complexity,27,32,34,38,34,27,29,21,15,10,267
Reinforcement,3,10,15,18,16,5,23,32,50,94,266
Error,28,30,38,38,19,19,23,25,20,24,264
Simple,22,33,31,35,24,23,31,17,19,26,261
Digital,27,75,29,18,22,28,20,12,20,10,261
algorithms,37,21,22,39,24,35,21,31,14,17,261
Statistical,30,33,26,32,26,31,23,19,28,13,261
Training,13,12,16,6,11,16,35,32,50,69,260
Smart,3,20,24,17,27,34,32,27,34,41,259
Fading,44,35,39,31,24,28,18,19,13,7,258
Transfer,7,8,7,11,19,31,44,24,45,61,257
Spatial,17,22,32,30,21,34,19,24,26,30,255
Service,16,33,34,26,37,22,26,31,12,17,254
Source,27,27,35,24,24,28,30,16,21,19,251
Compressed,32,35,36,20,40,28,19,17,16,8,251
Process,21,32,26,39,23,29,17,19,21,23,250
Planning,7,10,38,22,29,27,16,41,27,32,249
system,25,23,24,36,27,31,21,23,24,14,248
Fuzzy,18,36,32,39,34,32,23,16,10,7,247
Sets,27,24,30,27,29,38,20,18,20,13,246
Broadcast,33,30,38,34,18,18,26,21,17,11,246
Face,3,26,21,9,19,22,26,26,48,45,245
Scalable,12,14,13,17,28,32,31,43,21,34,245
Simulation,16,34,26,22,31,19,20,32,22,22,244
Complex,22,22,33,18,22,30,21,24,27,24,243
Verification,20,28,26,22,32,35,13,16,26,25,243
Distribution,26,22,22,35,23,25,24,25,21,19,242
Flow,20,19,25,27,18,13,25,28,33,33,241
Features,5,4,21,15,10,25,30,53,46,31,240
Internet,23,24,20,17,27,21,24,30,28,25,239
Computational,30,24,27,20,22,38,17,23,21,16,238
Programs,19,39,27,24,22,29,20,23,17,17,237
Massive,2,3,4,4,18,31,56,41,43,34,236
Quality,16,23,13,19,35,34,23,26,25,22,236
information,35,27,32,25,26,24,32,9,13,13,236
Signal,18,18,29,23,32,39,23,17,22,14,235
Automated,16,19,23,18,27,19,15,27,40,29,233
Query,15,31,33,24,22,14,19,25,28,20,231
Domain,12,15,17,16,17,30,21,29,36,36,229
Spectral,17,16,21,16,20,28,32,25,28,26,229
Reduction,18,23,32,25,27,26,28,19,16,13,227
or,12,23,22,24,25,26,17,28,31,18,226
Synthesis,7,19,21,24,11,19,21,35,40,29,226
Constraint,30,30,37,27,20,22,24,11,18,7,226
Understanding,11,10,11,9,14,20,31,36,37,47,226
Reasoning,19,15,24,17,49,25,21,16,18,21,225
Code,21,31,16,15,23,20,28,25,30,15,224
linear,29,14,25,22,25,32,23,20,17,17,224
Recovery,18,30,27,34,29,16,18,23,16,13,224
Identification,8,20,19,16,25,26,19,26,39,25,223
Storage,14,27,26,29,26,20,30,20,16,14,222
Discrete,16,29,26,29,35,16,28,13,20,10,222
Maximum,20,23,26,21,25,23,32,18,19,14,221
Processes,13,19,23,37,34,22,15,19,24,15,221
Support,16,33,25,20,31,24,26,15,11,19,220
Comparison,10,20,16,27,35,23,16,28,29,16,220
Collaborative,26,30,14,30,21,24,15,22,17,21,220
Low,18,28,13,30,26,17,23,13,25,26,219
Development,7,25,25,39,25,32,15,13,23,15,219
Translation,6,1,4,3,10,13,24,41,59,57,218
Extended,7,27,26,13,28,30,17,29,19,21,217
Polynomial,28,30,28,22,25,24,27,16,9,8,217
Representations,9,4,10,13,22,22,26,32,37,42,217
Solving,19,20,45,22,23,19,17,26,15,10,216
Function,17,30,30,29,23,16,21,19,19,12,216
Unsupervised,5,5,3,7,13,10,25,31,54,63,216
Minimum,27,31,27,29,29,29,12,13,10,8,215
Ad,28,54,34,33,14,14,8,9,13,7,214
Path,14,16,22,21,20,23,26,24,21,27,214
Construction,29,30,15,26,32,23,11,23,15,10,214
Technique,13,38,21,41,33,21,17,13,7,9,213
Reconstruction,14,17,14,24,22,15,22,19,43,23,213
Real-Time,13,26,22,15,16,25,20,25,23,27,212
Localization,6,19,12,14,22,16,25,34,39,23,210
Alignment,22,21,21,23,23,24,17,20,19,19,209
Dynamics,14,19,23,17,24,28,12,26,28,17,208
In,22,31,13,28,26,23,26,18,11,9,207
Delay,33,22,13,20,33,12,23,19,18,14,207
Trees,23,22,15,23,22,19,29,18,18,17,206
Partial,20,27,29,21,26,17,20,18,17,11,206
Sharing,14,22,30,15,28,18,28,22,23,6,206
Recurrent,1,2,1,3,9,10,34,57,48,41,206
Compression,20,20,24,20,27,20,17,17,21,20,206
Semantics,15,35,29,21,20,24,12,19,16,14,205
Traffic,17,17,17,22,19,24,17,24,27,20,204
Impact,10,31,21,19,23,24,22,14,18,21,203
Discovery,15,22,10,28,22,20,34,18,22,11,202
Weighted,18,31,17,23,17,17,27,18,18,15,201
problems,26,24,22,20,19,23,21,17,15,13,200
Extraction,11,19,13,30,20,17,20,19,26,25,200
Lower,25,22,19,28,26,18,23,18,14,6,199
models,13,18,23,22,12,26,21,19,24,21,199
Word,5,7,5,11,9,14,17,48,47,35,198
Small,12,11,16,17,20,23,33,25,24,17,198
Active,8,23,14,17,18,22,23,19,29,25,198
Pattern,18,19,25,18,25,24,17,15,17,18,196
Results,16,25,27,26,26,16,20,18,14,8,196
Structured,9,19,21,24,13,24,27,15,28,16,196
are,26,18,15,24,13,20,19,25,16,19,195
Vector,12,33,19,15,19,25,26,16,14,16,195
Schemes,21,22,24,22,21,24,23,14,19,5,195
Services,18,30,18,23,26,20,23,14,13,10,195
detection,16,9,13,17,26,21,28,25,21,19,195
Beamforming,18,26,15,11,36,24,21,14,18,12,195
Decomposition,21,16,15,15,18,27,35,17,16,15,195
Region,19,26,31,18,23,18,13,21,15,10,194
Natural,12,11,8,19,14,24,20,15,36,35,194
Languages,25,22,28,18,20,18,16,19,16,12,194
Noise,11,13,19,19,31,23,18,23,17,19,193
Convex,14,10,22,23,20,29,27,19,14,15,193
Artificial,18,27,20,15,16,20,20,15,24,18,193
Content,15,18,10,22,11,22,18,24,19,33,192
Properties,20,22,24,20,20,21,29,17,14,5,192
Strategies,19,23,22,22,23,26,16,18,14,9,192
Protocols,23,35,32,21,24,16,18,4,6,12,191
Efficiency,11,11,20,19,24,25,24,29,15,13,191
Deterministic,27,33,19,23,12,15,20,12,19,11,191
Environments,18,16,16,15,19,11,15,19,31,30,190
time,18,16,14,18,20,26,21,17,21,18,189
Proceedings,15,26,29,21,23,25,19,18,10,3,189
Generative,1,2,3,3,6,5,9,17,68,74,188
Global,24,23,19,6,19,17,19,23,19,18,187
Queries,13,14,21,28,20,21,29,13,12,16,187
without,20,13,25,16,16,26,15,15,21,19,186
Compressive,20,17,25,22,24,21,24,14,12,7,186
Group,10,33,19,15,21,14,23,18,17,15,185
Computer,18,19,21,16,19,20,15,22,19,16,185
Challenges,7,10,10,18,16,23,20,25,29,27,185
Single,22,14,9,10,19,20,21,17,24,28,184
Bound,25,19,27,26,17,19,13,15,20,2,183
Formal,9,23,33,20,16,23,14,27,11,7,183
Finding,22,16,21,15,31,23,17,10,18,10,183
Detecting,6,23,13,13,11,16,17,27,31,26,183
Differential,11,12,24,25,14,20,23,17,20,17,183
study,15,13,18,32,17,12,21,26,14,13,181
Review,7,11,9,24,17,28,19,27,19,20,181
Geometric,20,30,18,10,22,13,13,13,23,19,181
Cost,4,17,19,32,25,17,20,22,10,14,180
control,21,11,16,18,26,22,20,20,9,17,180
Key,14,35,26,23,16,23,13,7,10,12,179
Open,14,19,18,12,15,16,17,24,16,28,179
Speech,3,6,6,7,23,13,22,26,35,38,179
Constrained,13,18,17,15,26,19,18,22,17,13,178
Environment,21,15,12,21,16,22,19,12,18,22,178
Interactive,12,18,17,17,14,17,18,20,15,30,178
Fusion,4,29,15,11,16,10,15,16,25,36,177
Patterns,19,22,21,19,12,23,21,12,15,13,177
Probability,10,18,20,23,39,19,21,9,11,7,177
Belief,14,12,16,25,61,11,14,8,10,4,175
Attacks,14,24,11,13,14,7,12,20,22,38,175
Workshop,14,23,21,15,18,27,16,23,12,5,174
Mechanism,8,15,30,25,18,23,13,12,11,19,174
Large-Scale,7,4,13,15,14,15,31,31,24,20,174
Minimization,17,23,19,16,16,20,20,14,20,9,174
&,10,20,17,29,12,24,12,18,10,21,173
Evolution,6,14,27,18,26,19,17,17,18,11,173
Perspective,15,11,11,15,14,13,28,27,21,18,173
Grid,19,19,22,15,18,22,16,16,9,16,172
image,11,11,13,21,15,13,18,25,28,17,172
Kernel,10,13,15,14,23,20,21,21,19,16,172
Propagation,18,21,20,28,21,14,13,13,12,12,172
Media,4,4,7,12,14,22,24,31,32,21,171
Motion,5,9,4,7,11,12,19,29,42,33,171
Virtual,9,19,15,16,20,20,14,28,14,16,171
Research,15,13,7,15,19,22,22,27,21,10,171
Iterative,19,12,17,20,30,13,19,17,17,7,171
Sequences,16,19,20,18,25,17,15,16,17,8,171
Streaming,8,14,13,19,24,26,18,18,13,18,171
Entropy,21,18,16,22,21,25,17,9,9,12,170
Effective,12,19,19,24,12,12,20,16,20,16,170
Modelling,14,24,18,15,15,28,16,17,10,13,170
Embedding,5,6,11,8,9,9,34,19,39,29,169
Similarity,14,13,13,21,24,11,12,20,24,17,169
LDPC,22,35,29,26,11,16,9,6,9,5,168
Checking,17,17,21,19,12,20,22,13,15,11,167
Matrices,17,24,10,22,22,17,24,16,11,4,167
Block,13,17,19,24,12,21,18,23,9,10,166
Frequency,8,19,17,17,20,22,21,21,15,6,166
Nonlinear,11,14,12,14,13,21,15,15,32,19,166
Stability,18,21,18,14,21,14,16,12,17,15,166
into,10,22,19,11,15,13,20,20,12,23,165
Throughput,16,23,14,14,20,25,18,12,10,13,165
Comparative,8,22,13,26,22,18,11,16,17,12,165
Practical,8,11,22,12,24,19,16,17,14,20,163
Message,19,15,18,17,20,21,18,18,9,7,162
Continuous,9,6,7,19,18,20,22,22,20,19,162
OFDM,8,25,24,20,15,24,13,15,8,9,161
Exact,18,17,21,24,19,16,13,9,19,5,161
Metric,16,9,16,22,23,12,15,15,18,15,161
Number,19,27,16,18,15,17,20,12,11,6,161
Maximization,9,8,18,22,14,16,19,24,18,13,161
Point,11,12,15,13,15,15,15,18,20,26,160
Bounded,23,25,16,19,16,15,17,13,6,10,160
Regression,6,6,8,12,19,17,18,24,26,24,160
Sequential,11,18,16,15,18,18,17,8,21,18,160
their,15,12,17,19,17,19,15,21,15,9,159
Class,14,11,24,16,25,13,14,13,16,12,158
Order,11,17,27,19,11,11,20,14,15,13,158
Scale,8,14,12,11,16,12,27,14,12,32,158
Exploiting,7,9,14,14,17,15,26,26,18,12,158
Strategy,11,25,12,32,15,13,9,17,14,9,157
neural,7,7,2,6,10,5,13,25,46,35,156
applications,22,17,14,20,17,12,18,22,7,7,156
Hoc,22,39,30,21,11,11,5,7,6,3,155
Adaptation,10,10,3,15,15,12,9,27,23,31,155
Authentication,15,24,19,20,21,14,14,9,8,11,155
Genetic,14,24,14,27,21,16,7,8,10,13,154
framework,13,9,15,15,18,16,15,23,13,17,154
Predicting,2,9,11,3,18,15,23,24,20,29,154
Uncertainty,8,10,15,16,29,12,16,11,18,19,154
Behavior,13,15,9,11,20,24,18,13,15,15,153
Machines,10,24,14,13,18,20,12,16,8,18,153
Consensus,9,14,21,13,18,13,20,17,13,15,153
Filtering,12,11,18,17,16,15,10,17,18,19,153
Phase,6,11,12,14,26,19,14,21,11,18,152
Boolean,13,17,39,12,13,16,17,8,13,4,152
Context,10,13,14,7,22,9,13,22,17,25,152
Through,8,15,16,13,21,25,11,17,14,12,152
Sequence,10,12,10,8,12,20,10,22,22,26,152
Solution,12,11,27,18,18,20,14,10,12,10,152
Structures,19,23,14,12,20,11,10,18,14,11,152
estimation,11,17,11,8,16,16,16,22,20,15,152
Optical,12,12,12,9,15,15,21,20,21,14,151
Secrecy,23,18,14,16,21,12,15,7,14,10,150
Version,7,17,14,11,18,18,14,22,17,12,150
Empirical,7,19,12,15,20,11,18,18,17,13,150
Monitoring,4,13,20,10,20,16,15,20,18,14,150
Edge,7,12,9,19,7,9,12,20,29,25,149
performance,17,16,12,25,15,23,9,12,11,9,149
Evolutionary,16,7,28,14,22,9,8,8,22,15,149
Noisy,16,17,13,18,16,10,14,16,13,15,148
Algebraic,24,23,21,17,14,15,11,14,4,5,148
Event,8,14,7,11,15,10,16,23,27,16,147
Action,2,5,4,3,10,13,20,30,39,21,147
random,21,27,19,15,15,17,10,11,7,5,147
Community,11,5,13,17,21,17,17,19,14,13,147
Coded,6,21,11,16,14,16,21,13,12,16,146
Rules,15,22,23,20,15,9,8,12,10,12,146
Theorem,24,17,21,10,9,19,17,9,10,10,146
application,16,17,12,19,12,8,21,16,15,10,146
Robot,8,10,12,9,10,11,10,25,21,29,145
Universal,14,16,20,21,13,15,12,14,9,11,145
Latent,3,7,7,18,12,17,13,20,29,18,144
Embeddings,1,4,6,5,2,5,17,27,43,34,144
Randomized,19,11,22,12,15,16,13,16,8,12,144
Engineering,7,17,13,14,22,16,13,15,8,19,144
Link,12,23,23,22,12,11,5,10,12,13,143
Twitter,1,4,10,12,13,21,29,19,17,17,143
Diversity,11,18,23,19,13,12,15,11,12,9,143
Symmetric,19,19,17,10,15,12,14,5,19,12,142
Convergence,17,13,17,13,16,9,19,14,14,10,142
Combinatorial,20,16,11,22,12,16,20,9,10,6,142
What,8,11,12,10,11,11,22,17,19,20,141
Counting,13,21,14,15,11,13,14,12,16,12,141
Generating,14,12,15,12,13,13,11,13,18,20,141
Interaction,15,21,7,8,15,18,14,16,17,10,141
Characterization,7,18,16,18,16,18,12,13,10,13,141
Downlink,10,15,20,12,12,13,11,21,16,10,140
Combining,13,6,11,13,14,10,17,22,12,22,140
Databases,21,13,18,18,12,14,10,18,10,6,140
Ranking,12,11,12,15,10,11,21,14,15,18,139
Signals,9,8,16,13,21,9,20,16,18,9,139
Tool,10,12,16,15,9,19,13,15,23,6,138
Proof,17,22,7,15,15,11,10,14,16,11,138
Method,12,17,9,26,17,13,13,10,10,11,138
Limited,14,18,18,6,19,20,12,12,10,9,138
Correlated,26,15,20,16,13,13,9,8,10,8,138
Multiuser,14,18,19,15,14,13,16,13,8,7,137
Faster,13,14,8,21,11,21,13,11,14,10,136
Mapping,8,12,7,11,18,13,15,13,15,24,136
Enhanced,13,7,13,21,10,21,13,14,10,14,136
Influence,3,11,12,17,25,16,17,11,15,9,136
Architectures,8,11,11,6,9,17,17,19,16,22,136
Decentralized,7,12,16,20,18,14,8,16,8,17,136
Attention,1,1,4,1,5,3,8,34,38,40,135
efficient,10,9,19,23,18,12,10,9,17,8,135
The,10,24,6,15,18,19,15,10,12,5,134
Over,13,11,16,13,16,17,13,17,10,8,134
Attack,10,12,16,15,6,19,13,14,9,20,134
Modulation,11,10,17,12,19,16,17,10,13,9,134
Exploration,12,8,2,13,5,18,7,18,26,25,134
bounds,14,21,15,11,10,16,16,8,7,15,133
Physical,17,12,5,12,16,9,12,21,17,12,133
functions,16,19,21,10,21,11,15,9,6,5,133
Value,9,10,23,13,19,12,11,9,12,14,132
graph,21,15,5,23,13,14,13,9,10,8,131
Beyond,12,8,9,10,13,16,12,17,18,16,131
Planar,19,17,17,16,11,9,11,9,11,11,131
Policy,1,13,10,19,9,10,11,17,19,22,131
Harvesting,1,9,7,11,11,20,23,24,15,10,131
--,10,18,12,9,19,20,10,16,8,8,130
Task,5,5,7,10,12,10,8,11,36,26,130
Polar,5,13,9,14,20,12,20,11,19,7,130
Unified,9,16,7,5,11,8,20,22,13,19,130
Transform,10,21,12,17,20,12,12,8,9,9,130
Dense,4,12,4,13,5,11,19,13,26,22,129
Users,6,12,6,21,13,18,12,12,15,14,129
Common,11,17,19,14,16,10,10,8,13,11,129
Strong,18,11,15,19,13,12,11,8,10,12,129
classification,11,2,8,14,11,13,12,19,21,18,129
Rank,10,16,14,11,11,20,18,9,11,8,128
Part,14,9,17,16,10,13,11,15,14,8,127
logic,19,14,24,14,11,12,8,14,8,3,127
design,9,18,15,16,16,13,11,11,8,10,127
Program,14,14,19,7,9,10,10,18,15,10,126
Science,18,5,9,8,13,15,21,17,11,9,126
Sources,16,18,14,16,10,16,8,8,11,9,126
Database,12,12,15,17,14,14,12,10,11,9,126
Relaying,8,7,15,19,18,21,17,9,9,3,126
Supervised,4,8,7,4,10,10,14,17,30,22,126
case,16,15,12,14,13,13,9,17,8,8,125
Private,4,9,13,9,7,11,12,16,20,24,125
Asynchronous,14,13,17,10,15,12,12,14,8,10,125
Toward,9,9,10,12,12,12,14,13,17,16,124
Optimizing,10,7,10,16,13,19,12,14,14,9,124
Cell,11,13,3,7,14,18,21,17,6,13,123
Real,13,17,11,15,10,11,13,14,7,12,123
social,4,7,10,11,22,26,12,16,9,6,123
Location,10,17,11,14,16,11,8,11,15,10,123
Analyzing,7,13,6,12,12,19,17,5,17,15,123
Exploring,3,8,8,10,8,11,13,13,23,26,123
Algorithmic,19,12,20,10,11,16,14,8,4,9,123
Correlation,8,8,10,10,15,12,10,20,19,11,123
Can,11,9,10,6,11,8,18,17,15,17,122
that,11,13,12,12,13,14,16,9,13,9,122
Stable,7,16,14,14,18,15,14,3,10,11,122
finite,14,7,16,9,15,15,14,9,11,12,122
number,15,24,11,19,8,13,10,7,10,5,122
Functional,6,14,15,17,13,9,9,16,11,12,122
Aggregation,3,5,7,21,13,15,11,13,14,20,122
communication,18,23,15,15,7,14,13,9,6,2,122
es,6,13,13,13,17,11,13,10,15,10,121
Regular,16,20,12,10,12,17,13,8,8,5,121
Geometry,11,8,12,9,9,14,11,11,16,20,121
Integration,5,14,19,12,9,12,10,12,14,14,121
Intelligent,8,13,17,15,12,7,11,5,17,16,121
Parameterized,8,13,15,17,18,16,14,6,13,1,121
Effect,7,8,9,10,10,19,8,20,16,13,120
Future,6,3,11,10,11,11,16,16,19,17,120
Packet,7,28,17,12,9,14,11,14,5,3,120
theory,20,15,9,16,21,15,5,9,4,6,120
Component,9,20,12,18,9,19,10,11,9,3,120
Conditional,4,7,7,13,17,7,12,10,24,19,120
optimization,12,6,14,11,12,20,13,14,9,9,120
International,11,16,18,7,14,13,11,16,7,7,120
Recommendation,8,5,4,9,17,12,11,11,23,20,120
quantum,31,12,22,10,5,11,5,6,5,12,119
Abstract,13,17,17,12,10,13,7,9,13,8,119
Calculus,7,21,19,20,11,16,7,9,5,4,119
Assessment,8,9,7,8,15,16,6,18,20,12,119
Structural,7,15,9,10,16,11,15,14,14,8,119
Pose,1,1,3,4,1,8,16,20,36,28,118
Type,15,15,19,8,5,6,13,16,10,11,118
Under,11,13,5,12,12,11,15,15,14,10,118
Scaling,9,10,13,14,13,10,14,11,14,10,118
Directed,11,13,12,20,12,10,12,15,8,5,118
Diffusion,6,4,16,17,20,10,15,10,12,8,118
Mechanisms,10,13,12,18,12,9,16,14,7,7,118
Loss,1,12,10,4,14,10,10,12,21,23,117
sets,17,10,22,16,10,11,9,10,3,9,117
Paths,13,14,9,13,13,9,14,7,14,11,117
Cyclic,17,15,17,15,12,11,12,8,6,4,117
Between,6,12,11,14,9,14,14,11,13,13,117
Answering,3,3,8,3,4,8,17,25,19,27,117
And,7,14,7,21,18,17,16,6,5,5,116
Shape,1,7,13,9,7,13,16,16,17,17,116
Caching,2,4,5,5,8,7,13,34,21,17,116
Building,7,8,13,18,9,6,13,9,15,18,116
Gradient,3,8,7,6,9,13,18,15,18,19,116
about,13,9,14,7,17,15,15,9,3,13,115
Medical,6,17,5,10,14,8,10,11,16,18,115
Approximating,12,10,25,17,11,9,10,11,4,6,115
Distributions,6,11,15,12,17,12,9,11,12,10,115
Load,6,10,8,12,15,18,11,10,14,10,114
Layer,11,17,7,12,15,12,9,11,15,5,114
Fields,7,15,11,13,16,10,16,12,10,4,114
Hidden,4,17,21,12,13,14,13,7,9,4,114
methods,9,6,7,9,17,19,11,14,14,8,114
Parameter,5,9,9,12,15,13,17,15,11,8,114
computing,14,11,9,21,8,13,9,11,8,10,114
Resolution,10,11,14,11,7,10,9,14,19,9,114
Field,8,5,7,15,15,14,13,12,11,13,113
Causal,3,7,14,20,26,11,9,5,6,12,113
sparse,9,10,11,9,19,12,19,6,8,10,113
Metrics,5,10,9,14,18,13,14,12,5,13,113
Completion,11,8,11,8,9,12,13,11,14,16,113
Cooperation,10,14,14,18,16,10,8,8,9,6,113
Factorization,5,6,8,8,13,16,16,12,15,14,113
Use,10,14,9,17,6,9,13,9,13,12,112
optimal,10,12,5,10,13,13,11,14,14,10,112
Measures,10,12,13,11,14,16,10,6,8,11,111
recognition,8,6,7,6,15,9,16,11,11,22,111
Opportunistic,23,7,11,16,21,10,10,4,6,3,111
To,8,17,10,11,14,10,9,8,13,10,110
power,22,14,8,7,9,18,6,11,7,8,110
Effects,8,15,7,9,16,12,10,10,12,11,110
Minimal,16,7,8,10,10,16,16,11,8,8,110
Evaluating,5,9,7,11,10,12,15,10,17,14,110
Multimodal,4,4,1,3,4,8,10,21,22,33,110
Independent,7,13,10,9,16,16,11,10,11,7,110
dynamic,8,11,14,7,11,12,11,12,10,13,109
structure,12,11,13,12,14,12,9,13,6,7,109
Base,5,9,12,10,10,13,14,11,13,11,108
Fault,13,17,10,11,9,10,14,7,7,10,108
Embedded,5,13,7,12,8,17,7,11,13,15,108
Requirements,11,15,13,9,6,15,5,7,17,10,108
Fully,4,5,6,8,8,4,8,24,23,17,107
Antenna,5,11,10,9,12,14,18,12,7,9,107
Product,7,16,13,11,16,12,11,6,6,9,107
Concurrent,8,8,15,9,16,16,8,5,11,11,107
Types,6,10,20,12,9,11,7,11,13,7,106
large,10,9,8,13,13,9,12,15,8,9,106
Limits,14,9,11,11,13,15,9,8,9,7,106
Robots,8,5,6,8,8,14,10,14,13,20,106
Subspace,3,10,11,12,13,18,13,12,10,4,106
Association,7,17,7,6,11,10,17,12,7,12,106
distributed,13,14,11,15,12,12,8,8,7,6,106
Intelligence,6,6,11,17,13,10,9,7,15,12,106
Transformation,10,12,13,14,15,7,7,14,5,9,106
Depth,5,1,3,2,1,10,13,20,20,30,105
Uplink,3,6,11,9,11,16,16,11,15,7,105
complex,10,11,10,9,10,14,18,6,12,5,105
Response,6,16,5,6,6,11,10,24,9,12,105
Scientific,16,9,7,7,10,13,9,15,8,11,105
Connectivity,9,12,16,15,11,11,10,7,6,8,105
Report,6,12,8,8,11,14,10,12,9,14,104
matrix,12,10,14,16,7,8,11,13,10,3,104
Systems:,13,10,8,7,7,11,14,9,13,12,104
software,5,10,7,15,15,16,7,9,11,9,104
Measuring,9,7,9,9,16,12,5,11,16,10,104
Solutions,13,19,9,12,9,9,10,8,8,7,104
Achievable,12,18,26,13,6,6,10,5,5,3,104
Orthogonal,9,11,16,9,14,7,11,10,12,5,104
Partitioning,4,12,9,9,13,12,18,8,12,7,104
Its,9,5,16,13,10,11,13,11,7,8,103
Test,6,14,9,15,8,15,12,6,9,9,103
Objects,9,5,7,14,6,7,13,14,12,16,103
Real-time,2,5,8,4,7,5,9,14,23,26,103
Separation,7,10,10,10,8,11,7,16,14,10,103
Risk,9,12,9,5,10,14,9,8,16,10,102
Level,8,15,14,10,13,7,12,7,8,8,102
Points,17,9,7,15,10,6,7,12,16,3,102
Role,7,15,8,10,4,12,7,14,15,9,101
First,6,14,11,11,12,12,5,9,10,11,101
Symbolic,9,10,14,14,6,8,6,17,11,6,101
Technical,3,7,7,13,6,16,16,11,9,13,101
Predictive,3,2,4,11,9,10,16,14,15,17,101
Coordination,7,11,16,14,7,11,12,12,4,7,101
Tensor,3,3,4,1,11,20,12,16,20,10,100
Parsing,2,2,5,5,6,6,18,16,16,24,100
Vehicle,7,5,5,6,6,9,16,11,11,24,100
channel,11,21,14,9,10,8,13,6,5,3,100
Document,12,11,7,8,6,12,9,15,14,6,100
Arbitrary,11,10,9,17,11,12,4,11,10,5,100
Rates,7,17,15,8,11,6,15,8,5,7,99
images,7,7,6,7,8,4,14,18,14,14,99
search,16,8,8,15,12,10,11,7,5,7,99
Fourier,6,10,7,10,12,9,20,8,8,9,99
automata,17,13,21,13,12,4,9,5,3,2,99
Estimating,5,15,8,7,12,15,10,8,11,8,99
Integrated,6,5,5,18,9,10,8,10,18,10,99
Enhancement,3,7,11,9,11,9,6,13,19,11,99
Incremental,5,6,11,9,16,7,12,16,5,12,99
Simultaneous,4,8,7,5,8,15,22,8,16,6,99
Agents,4,9,13,9,9,13,7,10,12,12,98
Recursive,19,7,9,9,14,14,2,8,9,7,98
Vehicular,4,12,4,16,8,13,10,9,12,10,98
Identifying,2,4,3,19,6,12,7,18,11,16,98
Size,15,12,9,8,14,7,6,8,9,9,97
Their,4,44,4,11,7,8,8,4,3,4,97
Policies,6,6,14,6,15,8,10,7,14,11,97
Precoding,7,12,14,7,10,13,13,9,7,5,97
Encryption,4,14,11,16,12,4,9,7,12,8,97
Node,11,15,13,11,7,12,9,6,8,4,96
Note,14,15,9,11,12,6,11,8,5,5,96
Facial,3,8,6,4,3,3,14,16,16,23,96
Mobility,3,8,12,9,14,9,16,8,10,7,96
Topology,6,11,7,5,15,10,15,7,15,5,96
Is,6,9,7,6,13,9,17,8,11,9,95
QoS,8,23,20,6,9,10,4,10,2,3,95
Dual,5,7,7,8,14,7,9,12,16,10,95
Blind,4,5,8,16,15,10,9,8,12,8,95
Range,10,9,12,14,9,8,9,9,7,8,95
Tasks,4,8,6,7,3,11,12,12,18,14,95
language,8,8,10,12,12,10,8,7,4,16,95
Threshold,11,13,15,10,11,7,9,9,3,7,95
Technology,8,9,12,11,17,12,9,8,5,4,95
Quantization,8,15,13,5,8,8,10,8,12,8,95
$,13,1,4,3,13,6,20,21,5,8,94
and,3,14,13,7,11,13,6,7,12,8,94
When,5,11,9,4,7,12,9,10,16,11,94
Filter,6,11,6,8,11,9,16,10,9,8,94
Spaces,15,8,13,7,8,7,7,6,9,14,94
Vision,3,4,4,5,12,13,11,14,19,9,94
Weight,9,10,9,12,13,8,8,9,10,6,94
Graphical,6,9,12,17,14,9,5,7,9,6,94
Relational,4,8,10,18,11,5,6,11,8,13,94
Measurement,9,7,12,9,10,10,6,11,11,9,94
Side,9,9,13,13,7,17,7,6,8,4,93
Words,9,10,16,7,9,12,7,7,10,6,93
Vertex,12,13,11,11,8,10,7,8,5,8,93
Hardware,4,7,4,5,6,14,10,14,16,13,93
Composition,8,3,11,10,15,8,13,9,13,3,93
Variational,2,2,6,5,8,6,6,13,25,20,93
Tight,8,10,18,12,10,10,11,2,4,7,92
Public,2,16,9,8,9,9,9,11,8,11,92
coding,15,15,15,14,12,7,8,2,1,3,92
Wiretap,9,23,10,9,7,9,8,8,5,4,92
sensing,8,6,8,6,18,15,12,7,6,6,92
Encoding,11,7,6,8,11,9,11,9,6,14,92
Shortest,11,7,10,12,14,11,8,9,6,4,92
Multimedia,18,11,13,8,10,5,13,5,5,4,92
Sum,14,12,12,8,4,5,15,13,7,1,91
Index,2,7,13,9,13,12,15,10,4,6,91
Making,5,7,6,10,21,9,8,6,8,11,91
Measure,4,7,9,9,13,11,10,9,10,9,91
Accurate,5,1,7,4,5,8,10,11,22,18,91
Auctions,11,11,9,21,9,9,10,3,6,2,91
Interface,6,5,13,13,11,12,9,3,7,12,91
Numerical,9,8,6,11,12,13,9,10,5,8,91
Asymptotic,8,15,14,9,8,6,8,7,9,7,91
Dictionary,3,8,8,7,10,11,16,14,10,4,91
Robustness,9,3,9,8,8,10,7,6,12,19,91
Experimental,8,12,13,8,8,9,8,10,10,5,91
Measurements,9,7,7,7,13,8,15,7,14,4,91
MAC,11,16,14,10,7,16,4,9,2,1,90
#NAME?,6,10,15,18,8,10,4,11,6,2,90
Free,8,13,16,7,8,8,6,9,7,8,90
Hard,6,6,11,7,10,9,8,13,16,4,90
Soft,12,8,9,13,10,6,4,11,10,7,90
View,10,11,6,9,4,13,5,9,11,12,90
Color,5,8,9,16,3,9,16,10,8,6,90
Upper,10,10,12,11,8,11,9,8,9,2,90
games,8,12,19,9,11,9,3,7,5,7,90
Density,8,3,10,9,8,11,12,7,13,9,90
Optimized,8,14,9,5,9,14,13,9,5,4,90
Relations,6,10,9,10,3,9,13,12,11,7,90
Asymmetric,11,12,8,12,6,11,10,11,6,3,90
clustering,5,4,6,7,16,14,11,8,11,8,90
evaluation,10,11,8,12,4,6,8,19,4,8,90
Full,9,10,12,11,9,5,7,11,7,8,89
Better,11,6,13,10,6,10,5,9,8,11,89
Synchronization,7,10,8,7,10,10,10,9,11,7,89
versus,9,12,15,10,11,4,7,5,11,4,88
Cluster,7,8,7,13,16,13,10,4,6,4,88
Generic,5,7,13,13,9,6,7,10,8,10,88
Coverage,6,10,5,4,8,16,4,17,12,6,88
Flexible,2,11,7,8,9,12,10,8,11,10,88
Balancing,10,12,9,8,12,6,9,8,10,4,88
polynomial,16,11,3,9,8,13,8,9,7,4,88
not,8,8,13,9,14,7,9,5,7,7,87
Agent,8,14,19,6,5,11,7,7,6,4,87
Direct,3,9,5,8,9,10,14,10,8,11,87
Integer,7,14,13,9,8,12,8,5,6,5,87
parallel,14,13,12,11,6,7,6,9,7,2,87
Designing,6,9,9,7,13,9,10,9,6,9,87
Submodular,3,13,13,6,13,7,12,7,8,5,87
Multidimensional,14,11,11,14,7,4,7,9,7,3,87
2D,7,8,10,5,4,6,9,11,15,11,86
Nets,8,7,9,8,14,7,2,9,12,10,86
Aware,4,15,15,6,7,7,6,6,12,8,86
World,3,13,17,3,7,6,9,10,6,12,86
Static,7,10,10,5,13,8,10,9,7,7,86
Average,14,13,13,11,7,5,3,3,11,6,86
Lattice,12,14,13,9,6,10,6,5,8,3,86
Explicit,8,13,9,8,8,5,12,5,6,12,86
Ontology,2,18,13,15,10,9,8,4,3,4,86
Presence,3,6,2,18,13,14,8,11,8,3,86
Different,14,12,7,9,10,8,8,6,5,7,86
selection,8,6,11,13,6,14,7,4,5,12,86
Improvement,11,8,9,13,8,13,3,10,8,3,86
Regularization,4,4,2,11,2,6,12,8,18,19,86
Energy-Efficient,5,9,7,7,9,10,9,12,12,6,86
Maps,6,5,4,8,9,9,10,11,13,10,85
Short,8,11,11,5,8,3,13,7,9,10,85
Issues,6,13,11,12,14,4,9,5,4,7,85
Sparsity,7,7,9,10,8,9,9,13,11,2,85
function,9,14,9,11,8,8,5,9,6,6,85
Dynamical,4,7,15,8,6,9,9,11,9,7,85
Equations,7,9,13,8,13,11,9,6,3,6,85
Assignment,9,13,6,9,10,13,7,6,9,3,85
Expression,3,6,15,7,10,6,16,9,6,7,85
bound,9,12,8,7,8,13,12,5,7,3,84
binary,7,9,11,4,6,13,14,11,5,4,84
mobile,5,8,10,11,8,15,12,5,3,7,84
online,7,4,3,7,14,6,17,13,10,3,84
Platform,6,5,7,5,10,10,11,12,10,8,84
Enhancing,6,9,4,9,10,9,11,7,11,8,84
segmentation,4,2,5,7,7,5,7,16,13,18,84
approximation,8,11,8,9,11,11,5,10,6,5,84
set,10,8,9,12,8,7,9,8,8,4,83
two,9,11,8,10,10,15,9,5,3,3,83
vs.,9,8,8,6,10,11,8,12,5,6,83
IEEE,7,14,5,16,9,12,6,6,3,5,83
Line,6,13,7,5,8,9,4,9,12,10,83
Outage,11,13,11,6,4,15,3,4,12,4,83
against,9,8,5,4,8,14,5,8,7,15,83
Low-Rank,2,8,5,4,8,5,13,18,17,3,83
Particle,3,7,5,9,12,11,10,10,8,8,83
Imperfect,13,9,10,10,6,10,9,9,3,4,83
Uncertain,2,4,8,10,23,6,9,6,13,2,83
2,6,15,8,10,10,10,9,5,7,2,82
Nash,11,10,12,10,5,12,5,8,5,4,82
Secret,8,15,13,8,4,13,9,5,3,4,82
Primary,2,42,5,9,4,11,4,2,1,2,82
Infinite,20,5,14,12,8,6,2,7,5,3,82
Reliable,8,10,7,9,9,8,8,8,11,4,82
Variable,11,10,15,7,12,7,6,5,6,3,82
Formation,6,7,4,10,9,9,8,10,12,7,82
Revisited,7,11,11,10,12,11,9,4,5,2,82
Equilibria,11,5,16,8,9,14,6,5,4,4,82
computation,6,13,12,11,13,5,8,8,5,1,82
Generalization,6,5,6,10,10,8,6,8,11,12,82
Area,3,14,11,10,7,13,4,6,8,5,81
More,9,6,11,6,11,9,7,6,11,5,81
Hashing,4,8,7,4,5,4,13,10,14,12,81
Logical,5,13,18,12,6,7,5,1,6,8,81
Pricing,10,6,9,6,6,8,13,10,9,4,81
Wavelet,9,17,9,12,6,5,6,6,8,3,81
Complete,7,14,7,10,8,5,13,6,6,5,81
Critical,3,13,16,7,6,10,9,5,5,7,81
dynamics,11,11,8,5,9,10,7,11,4,5,81
multiple,6,11,7,6,4,11,9,10,9,8,81
Connected,4,5,13,9,12,4,6,9,7,12,81
Analytical,6,6,13,13,12,7,6,6,6,6,81
Navigation,2,5,10,6,5,9,6,8,15,15,81
MISO,7,6,10,11,13,6,10,11,4,2,80
Audio,3,3,8,2,5,8,2,10,22,17,80
Speed,10,6,13,10,8,8,9,3,6,7,80
Perfect,10,15,13,14,6,5,10,2,1,4,80
Business,6,12,12,14,9,9,5,5,1,7,80
n,16,10,12,1,10,8,9,7,3,3,79
Long,5,4,5,5,8,12,11,8,10,11,79
fast,5,6,7,9,9,9,11,11,8,4,79
Answer,1,14,11,2,10,7,8,10,7,9,79
Series,7,7,9,8,5,4,8,9,14,8,79
simple,6,13,11,13,12,4,7,5,5,3,79
Passing,11,5,8,6,7,10,11,11,6,4,79
Utility,10,10,10,9,12,7,9,3,4,5,79
Constant,7,9,11,9,11,5,11,6,8,2,79
Equilibrium,4,15,12,9,8,6,6,9,6,4,79
Visualization,8,9,4,7,7,10,10,10,8,6,79
GPU,3,5,3,7,11,8,13,13,9,6,78
Rule,11,23,4,7,8,9,4,5,4,3,78
space,5,14,10,3,7,6,9,7,9,8,78
Greedy,9,9,7,13,10,5,4,8,8,5,78
Concept,5,9,8,7,8,7,5,12,11,6,78
Erasure,11,16,10,7,5,10,7,5,2,5,78
Ensemble,1,2,3,4,5,12,5,16,12,18,78
Tradeoff,16,11,7,4,9,5,6,7,2,11,78
Multicast,8,19,7,11,6,7,5,3,7,5,78
Trajectory,3,3,10,3,4,10,6,11,15,13,78
Multi-Agent,6,9,9,12,6,5,9,8,7,7,78
distribution,7,9,8,7,5,14,7,9,7,5,78
Map,4,4,7,10,9,7,5,8,9,14,77
Nodes,5,13,8,8,12,10,2,5,6,8,77
Degree,10,4,8,13,8,13,8,3,4,6,77
Safety,3,4,8,9,2,9,7,13,12,10,77
Chinese,3,2,6,6,7,5,13,13,10,12,77
Classes,9,8,12,8,11,5,3,9,6,6,77
Filters,5,10,5,4,14,8,9,9,7,6,77
Kernels,7,7,8,9,10,7,6,9,7,7,77
machine,7,7,7,4,6,3,5,6,19,13,77
Circuits,8,9,8,9,11,9,7,5,3,8,77
Implicit,2,8,7,8,1,4,9,11,11,16,77
Labeling,2,3,3,6,12,7,10,8,15,11,77
Execution,5,10,11,9,5,4,4,9,7,13,77
Contextual,2,4,4,5,7,6,8,16,11,14,77
generation,5,7,11,7,10,5,4,9,7,12,77
Equivalence,10,10,8,6,18,6,7,6,3,3,77
programming,11,10,11,9,11,7,4,5,5,4,77
Mathematical,10,12,6,7,9,8,4,9,7,5,77
Trust,11,10,5,11,8,8,3,10,4,6,76
within,11,14,5,9,8,4,6,7,7,5,76
Inverse,4,6,7,8,8,6,6,9,9,13,76
Diagrams,6,5,8,9,18,17,3,1,7,2,76
extended,9,6,6,8,6,14,10,6,6,5,76
Achieving,5,9,8,6,7,7,11,6,14,3,76
Secondary,1,41,1,6,6,7,4,7,1,2,76
Theoretic,7,5,11,10,10,10,7,7,3,6,76
Preserving,5,9,9,10,6,3,5,9,7,13,76
simulation,7,7,11,12,6,4,8,2,10,9,76
Consistency,7,3,6,9,11,8,10,7,4,11,76
implementation,7,5,7,15,9,10,5,9,5,4,76
Wave,2,1,2,1,3,7,14,18,14,13,75
Swarm,4,8,6,8,9,9,7,9,7,8,75
Tools,7,4,10,6,10,7,7,9,8,7,75
Shared,4,6,3,8,3,7,5,12,12,15,75
matrices,6,3,9,6,7,12,11,11,6,4,75
Denoising,2,4,4,4,9,9,9,8,17,9,75
prediction,3,2,5,5,4,7,9,10,19,11,75
stochastic,8,6,7,6,10,10,4,9,11,4,75
Theoretical,6,7,7,9,8,5,8,11,8,6,75
Topological,7,2,11,13,10,5,8,9,4,6,75
Quantitative,6,8,9,8,10,8,6,5,7,8,75
Weak,7,10,7,12,8,5,7,8,6,4,74
Light,2,5,4,5,11,11,10,5,10,11,74
sensor,5,7,4,12,14,10,11,5,4,2,74
Algebra,6,8,9,5,8,12,7,5,6,8,74
Maximal,7,11,11,5,8,6,9,6,6,5,74
version,5,5,9,10,5,12,13,4,5,6,74
distance,15,12,4,7,5,9,9,4,7,2,74
research,5,5,6,10,6,7,9,8,11,7,74
Dimension,4,6,13,7,11,6,6,6,10,5,74
Parameters,1,5,2,20,10,5,10,13,4,4,74
processing,8,10,6,6,7,11,5,9,6,6,74
Description,10,8,23,5,2,5,5,4,3,9,74
Infrastructure,3,7,2,10,11,6,10,7,12,6,74
Mean,1,7,12,9,4,5,14,10,5,6,73
Brain,1,8,4,7,6,3,9,5,15,15,73
Chain,5,11,7,12,9,5,5,7,5,7,73
Output,5,10,5,5,14,9,6,5,7,7,73
Bandits,2,1,7,8,11,6,11,9,9,9,73
Improve,4,3,7,6,5,10,10,8,8,12,73
Library,4,2,8,7,12,5,11,12,7,5,73
Accuracy,3,6,9,7,13,3,5,9,9,9,73
matching,7,9,15,3,10,7,8,1,7,6,73
Bandwidth,8,16,7,5,2,9,10,7,7,2,73
Conditions,7,1,10,9,12,9,5,8,8,4,73
Congestion,8,9,7,13,6,5,6,8,7,4,73
Multi-User,7,10,6,6,6,12,5,13,4,4,73
Integrating,5,12,6,3,9,8,6,7,9,8,73
Reliability,2,7,10,5,7,7,10,10,8,7,73
Aspects,7,8,15,11,5,7,4,8,4,3,72
Modular,7,8,8,3,6,9,3,13,8,7,72
Sensors,5,5,8,6,9,14,5,7,6,7,72
Hardness,7,6,9,10,9,6,8,3,10,4,72
protocol,5,12,12,14,7,8,2,4,4,4,72
Guarantees,2,4,7,8,5,8,10,12,10,6,72
scientific,15,12,6,3,11,8,5,5,5,2,72
et,15,25,9,2,8,5,1,2,1,3,71
Are,5,9,5,9,7,6,8,9,6,7,71
Three,6,8,10,6,7,9,10,8,3,4,71
Using,3,6,12,7,5,9,6,6,7,10,71
Errors,9,5,9,8,7,4,6,10,3,10,71
Domains,5,4,9,10,11,1,6,6,12,7,71
Robotic,4,2,4,5,4,9,8,15,11,9,71
Interval,4,12,4,8,15,6,6,7,5,4,71
Classical,14,9,7,6,7,7,4,4,7,6,71
Quadratic,1,5,9,12,13,9,6,6,5,5,71
Restricted,7,10,8,9,3,11,10,6,5,2,71
Exponential,12,13,5,8,6,6,6,4,7,4,71
Mesh,6,10,7,10,7,5,3,7,4,11,70
Cover,8,9,12,7,6,8,3,5,7,5,70
trees,12,5,8,9,6,6,9,5,6,4,70
Entity,1,2,3,3,8,6,4,18,18,7,70
Remote,6,3,5,5,8,7,8,11,9,8,70
Anomaly,3,4,3,3,1,13,11,11,5,16,70
Packing,7,12,8,6,9,7,6,7,6,2,70
Streams,5,12,6,4,6,8,11,6,6,6,70
Uniform,10,8,4,8,12,4,7,4,7,6,70
Covering,10,7,9,8,5,8,5,5,8,5,70
Relative,7,8,5,8,9,6,10,6,8,3,70
channels,13,18,7,8,3,8,4,4,2,3,70
modeling,7,6,8,9,8,5,7,7,6,7,70
Molecular,4,4,4,3,10,7,14,9,11,4,70
Operations,6,6,3,10,10,10,5,6,7,7,70
Systematic,3,1,3,6,6,9,11,8,12,11,70
Specification,7,13,16,3,3,10,6,4,4,4,70
CSIT,9,4,5,16,11,9,6,6,2,1,69
Term,8,6,10,5,8,2,9,8,7,6,69
note,8,11,9,9,6,7,4,9,4,2,69
Flows,10,9,4,10,8,4,1,6,10,7,69
scheme,4,11,14,14,6,4,3,10,2,1,69
Imaging,2,2,4,6,7,12,7,11,8,10,69
Enabling,4,1,6,10,5,7,7,5,12,12,69
Overview,3,6,8,9,13,8,5,8,5,4,69
Classifier,3,8,3,8,6,11,7,10,5,8,69
Cancellation,4,10,12,7,8,11,6,4,4,3,69
Reachability,3,11,8,11,11,3,8,5,7,2,69
I:,11,6,8,10,8,8,3,3,4,7,68
All,6,5,7,9,9,2,6,7,10,7,68
Proofs,5,7,9,10,6,5,7,3,8,8,68
Sorting,10,8,7,7,5,10,8,3,4,6,68
Relation,3,5,3,11,2,2,7,10,12,13,68
Heuristic,7,10,9,8,9,9,6,2,2,6,68
Partially,5,7,9,7,9,7,2,4,9,9,68
Correction,3,9,10,8,3,6,6,8,6,9,68
Networking,3,2,10,15,6,6,8,5,8,5,68
Parametric,4,4,6,10,7,8,9,7,11,2,68
Refinement,1,5,12,5,5,6,7,12,11,4,68
Statistics,16,9,7,7,5,2,7,5,6,4,68
Recommender,3,6,4,8,8,9,6,4,12,8,68
Constructions,4,17,9,3,6,7,7,9,4,2,68
Satisfiability,6,10,14,10,8,3,5,1,8,3,68
Specifications,4,8,11,13,3,14,1,7,3,4,68
Array,4,8,7,4,8,10,7,8,7,4,67
Price,5,8,6,10,10,9,4,5,5,5,67
Mutual,4,6,5,12,9,6,5,12,4,4,67
Target,2,4,5,8,7,10,6,2,13,10,67
Against,6,4,3,4,9,4,3,3,7,24,67
Compact,9,2,4,6,6,8,5,8,9,10,67
Boosting,8,7,4,5,8,4,6,8,10,7,67
Extension,8,10,10,3,4,7,7,10,3,5,67
Searching,14,4,12,6,8,6,3,6,5,3,67
Strategic,3,5,9,5,15,7,7,6,7,3,67
Switching,4,5,9,7,11,8,6,6,7,4,67
Leveraging,3,1,4,5,5,7,12,14,9,7,67
properties,10,7,4,9,4,10,6,5,5,7,67
Discovering,5,7,8,6,5,5,9,5,8,9,67
Interpolation,2,7,8,3,13,8,8,4,10,4,67
Characterizing,3,5,3,8,7,10,6,8,8,9,67
Not,3,5,7,5,4,9,5,10,9,9,66
local,6,3,3,4,9,8,8,8,7,10,66
Chains,5,4,5,8,5,12,7,13,4,3,66
Length,9,7,8,6,5,11,5,5,5,5,66
impact,10,5,2,9,6,7,7,8,6,6,66
method,5,9,7,5,7,9,6,5,8,5,66
routing,6,5,7,15,9,8,3,6,3,4,66
Coloring,4,6,11,9,8,7,5,9,4,3,66
adaptive,7,6,6,2,9,9,8,6,5,8,66
discrete,15,11,5,7,1,6,5,3,7,6,66
Extending,5,7,5,12,9,3,11,5,5,4,66
Maximizing,6,4,6,5,6,8,8,8,7,8,66
Manipulation,4,1,3,2,3,3,9,15,9,17,66
Satisfaction,8,12,12,7,9,3,7,4,2,2,66
Technologies,6,6,9,7,5,12,4,7,8,2,66
Approximations,2,7,7,5,11,8,8,9,4,5,66
Fair,3,5,3,5,5,8,6,10,8,12,65
entropy,9,10,7,4,9,7,11,1,5,2,65
process,13,6,5,9,13,5,2,8,3,1,65
Neighbor,4,9,8,7,7,8,8,8,2,4,65
Consumption,3,1,4,11,10,13,4,8,6,5,65
Dimensional,5,6,6,3,10,8,6,12,4,5,65
Cryptography,12,7,9,4,9,9,5,4,3,3,65
tool,9,10,9,2,3,7,6,6,8,4,64
Arrays,8,3,7,3,6,10,11,4,9,3,64
Factor,2,10,9,7,6,5,8,7,6,4,64
Applying,5,9,8,10,9,4,5,5,4,5,64
Fairness,3,7,6,4,5,6,5,4,10,14,64
Modified,6,10,7,9,6,6,6,6,2,6,64
decision,6,5,3,11,7,2,12,5,4,9,64
Resources,4,7,5,8,7,7,9,5,5,7,64
Variables,3,9,11,9,12,6,2,5,4,3,64
nonlinear,4,6,4,4,9,6,12,11,4,4,64
reduction,5,3,6,10,7,5,10,7,8,3,64
Projection,3,3,5,12,7,3,11,7,10,3,64
Protection,4,12,6,5,2,7,8,5,9,6,64
Fundamental,7,6,5,6,5,5,7,8,7,8,64
computational,9,3,5,9,5,7,8,10,7,1,64
O,14,10,9,4,7,7,4,4,3,1,63
can,4,7,8,6,5,4,6,4,8,11,63
web,8,3,8,15,8,11,2,3,2,3,63
Java,7,14,7,4,9,7,2,3,7,3,63
Cache,3,7,2,8,10,2,11,6,9,5,63
Grids,4,5,6,3,10,8,4,9,10,4,63
Music,3,4,2,3,4,8,4,8,16,11,63
Timed,6,12,9,7,9,9,4,4,1,2,63
Sample,2,5,5,6,6,6,8,6,11,8,63
Locally,1,3,10,6,7,8,8,13,5,2,63
Project,5,16,6,5,5,13,1,6,2,4,63
Regions,8,13,10,5,3,7,3,4,6,4,63
Positive,6,5,6,5,8,7,6,8,5,7,63
weighted,5,8,8,10,4,6,8,7,3,4,63
Invariant,1,7,4,7,4,8,6,10,8,8,63
Wikipedia,1,6,3,11,3,5,13,5,12,4,63
Collective,4,3,9,9,6,6,6,9,2,9,63
management,9,7,7,3,7,6,8,7,4,5,63
Coordinated,3,2,8,9,10,11,5,5,7,3,63
Polynomials,7,12,10,2,6,7,7,1,8,3,63
Regularized,1,7,6,5,12,5,7,8,7,5,63
generalized,6,7,11,7,9,1,7,4,5,6,63
Personalized,2,4,6,7,5,4,5,8,13,9,63
hoc,7,20,3,14,1,4,5,2,4,2,62
List,3,9,14,8,7,7,8,1,4,1,62
flow,8,8,5,4,8,3,6,4,10,6,62
human,4,12,7,3,5,6,3,8,5,9,62
lower,4,5,7,2,7,16,8,4,6,3,62
Higher,7,7,8,1,7,6,9,3,8,6,62
Moving,2,2,8,6,2,5,9,11,10,7,62
energy,2,5,2,11,4,11,8,12,3,4,62
Factors,2,4,7,14,4,5,4,7,10,5,62
Mixture,1,4,2,8,4,3,6,7,7,20,62
Delivery,4,6,6,4,4,7,2,12,8,9,62
Agreement,5,11,10,7,8,8,5,4,3,1,62
Expansion,3,8,7,12,7,3,5,5,5,7,62
Dependency,2,1,5,7,3,4,6,11,13,10,62
Reversible,2,12,10,3,8,10,3,6,1,7,62
Methodology,3,9,11,5,4,10,5,6,7,2,62
constraints,7,6,6,5,7,7,7,4,6,7,62
Interactions,6,2,8,2,2,6,9,10,7,10,62
I,3,7,6,2,12,6,4,7,9,5,61
Good,3,6,7,7,6,4,3,9,14,2,61
Unit,4,5,5,4,4,4,5,10,12,8,61
Bases,4,8,5,7,9,8,2,7,5,6,61
Coupled,3,6,7,5,7,11,7,4,6,5,61
Surface,5,5,5,2,5,4,7,7,10,11,61
Unknown,3,5,3,5,8,4,3,6,15,9,61
Without,5,3,1,10,8,4,7,5,13,5,61
towards,5,12,7,4,5,6,8,3,4,7,61
Advanced,4,4,5,4,8,6,6,9,6,9,61
Handling,4,10,6,5,4,10,5,5,8,4,61
Indexing,7,7,6,9,9,8,5,2,5,3,61
Oriented,10,14,5,8,5,5,3,2,3,6,61
Reducing,4,5,6,7,5,5,6,7,7,9,61
Byzantine,6,8,11,11,9,1,8,1,2,4,61
Comparing,4,7,5,4,9,9,7,5,4,7,61
Operators,1,6,7,11,8,7,4,3,11,3,61
processes,9,6,7,8,6,9,5,3,4,4,61
Components,5,11,5,6,3,11,5,4,6,5,61
Accelerating,5,5,5,4,5,2,9,10,7,9,61
Watermarking,8,11,7,8,3,3,11,3,5,2,61
high,9,8,2,6,11,4,9,5,2,4,60
fuzzy,5,4,8,11,8,9,3,5,5,2,60
Change,4,6,4,2,8,7,5,10,9,5,60
Stream,6,4,3,7,8,2,9,4,9,8,60
Diagnosis,4,5,5,10,9,3,6,3,7,8,60
Validation,3,7,7,5,6,9,6,5,8,4,60
Camera,1,2,3,3,2,2,10,11,13,12,59
Engine,6,2,7,8,7,5,6,9,5,4,59
Health,1,2,6,5,4,8,3,8,12,10,59
Market,6,7,5,8,3,6,9,9,4,2,59
String,4,7,4,7,8,9,4,5,7,4,59
Weakly,2,2,2,3,2,4,5,8,18,13,59
Additive,6,6,4,4,4,6,10,8,9,2,59
Citation,21,2,5,4,5,5,5,5,2,5,59
Practice,2,5,8,3,12,5,5,7,5,7,59
Learning:,4,2,2,4,1,3,8,9,15,11,59
Individual,8,7,5,2,7,7,6,6,3,8,59
Minimizing,7,5,4,8,7,5,8,4,3,8,59
techniques,8,8,6,10,8,7,3,3,1,5,59
Experiments,1,6,8,5,8,11,5,5,6,4,59
Registration,4,3,2,2,7,4,3,10,12,12,59
Multiplication,3,10,5,7,5,10,6,6,5,2,59
representation,7,3,6,4,3,8,7,8,5,8,59
be,7,7,1,8,7,4,6,5,8,5,58
Peer,9,11,2,6,3,5,4,13,3,2,58
Ratio,4,4,8,5,7,6,5,9,6,4,58
novel,4,3,6,11,4,5,10,8,4,3,58
Analog,6,4,9,10,7,4,6,5,4,3,58
Cycles,5,10,5,6,5,4,8,6,5,4,58
Google,5,3,5,9,9,8,8,5,4,2,58
Groups,6,5,5,8,8,6,7,6,4,3,58
Indoor,1,1,3,6,8,5,9,8,10,7,58
Model-,3,2,6,2,7,8,8,5,5,12,58
Turing,8,10,5,12,5,4,8,3,2,1,58
Descent,1,4,7,6,2,5,11,5,6,11,58
Numbers,5,11,10,6,7,5,4,4,2,4,58
recovery,10,4,5,2,4,8,9,7,6,3,58
Satellite,1,1,10,5,5,7,7,6,6,10,58
knowledge,4,7,5,10,4,3,6,11,5,3,58
Arithmetic,4,7,4,5,13,2,11,3,8,1,58
Hypothesis,6,5,9,10,4,10,2,4,6,2,58
Competitive,2,7,9,6,6,15,6,2,4,1,58
Expressions,4,7,3,5,10,4,6,6,5,8,58
Higher-Order,4,5,10,9,6,2,8,6,6,2,58
Summarization,5,1,4,5,5,3,8,5,10,12,58
probabilistic,5,9,5,5,5,4,5,9,9,2,58
II:,7,7,6,10,7,5,3,6,4,2,57
Mode,4,5,9,7,5,4,8,5,8,2,57
word,5,3,7,4,4,4,6,13,6,5,57
Links,8,7,12,5,6,2,7,6,2,2,57
Highly,6,7,5,5,7,4,3,3,6,11,57
planar,5,8,8,10,3,6,4,6,5,2,57
Circuit,6,5,4,5,6,12,6,4,4,5,57
Nearest,4,5,9,5,8,7,7,7,1,4,57
Poisson,8,8,5,7,4,5,6,6,4,4,57
results,8,5,10,8,7,6,4,2,6,1,57
Boundary,4,2,6,8,6,7,6,5,10,3,57
Evidence,1,5,3,3,21,4,5,3,8,4,57
Receiver,5,6,4,3,10,10,5,3,7,4,57
semantic,6,6,1,7,10,6,3,8,3,7,57
solution,6,11,3,5,9,3,6,3,7,4,57
Potential,5,3,5,4,11,7,9,4,4,5,57
Incomplete,1,7,9,2,10,8,6,8,4,2,57
Supporting,6,5,7,4,4,7,2,6,11,5,57
strategies,7,6,11,5,6,11,1,3,4,3,57
Concurrency,6,13,8,5,7,6,3,4,3,2,57
Interpretation,7,5,5,10,7,3,5,1,9,5,57
Privacy-Preserving,5,7,4,5,3,6,6,5,9,7,57
use,6,5,7,5,6,2,4,7,8,6,56
Team,1,13,7,3,3,7,7,3,8,4,56
code,7,4,10,8,7,3,4,5,4,4,56
Usage,3,5,5,8,6,6,8,3,8,4,56
order,5,5,6,10,7,2,10,3,6,2,56
hybrid,2,4,9,6,6,4,5,10,4,6,56
Malware,4,2,2,3,2,3,7,12,11,10,56
Missing,3,5,7,4,5,6,2,9,5,10,56
Reality,3,2,2,1,3,5,5,8,16,11,56
general,13,4,2,7,6,7,7,6,3,1,56
traffic,10,6,5,7,2,4,6,7,3,6,56
Property,8,7,9,6,4,8,4,4,3,3,56
patterns,7,5,4,5,11,5,4,6,3,6,56
Generator,5,11,5,8,4,6,5,2,5,5,56
Spatially,1,3,8,1,12,9,7,6,3,6,56
Deployment,4,6,7,4,10,3,6,6,3,7,56
Classifiers,3,5,7,8,3,6,5,4,10,5,56
CSI,2,6,7,3,7,8,10,7,2,3,55
LTE,1,2,6,4,7,8,11,11,3,2,55
SAT,5,5,11,4,8,7,6,4,2,3,55
tree,7,3,2,3,4,10,7,7,7,5,55
point,4,8,4,8,5,2,8,4,8,4,55
small,7,5,5,3,9,3,6,13,3,1,55
Events,1,4,5,12,8,6,5,6,6,2,55
Second,4,6,5,2,7,6,7,6,6,6,55
Markets,1,5,11,5,2,5,8,5,6,7,55
Related,4,8,8,6,5,4,3,6,5,6,55
Augmented,2,4,3,1,2,6,3,5,13,16,55
Multipath,6,11,10,5,4,5,5,5,3,1,55
Annotation,2,5,5,6,5,4,2,11,7,8,55
Revisiting,3,5,3,6,8,2,4,9,9,6,55
compressed,5,6,7,4,9,7,5,6,4,2,55
scheduling,7,6,7,5,6,7,5,4,5,3,55
Introduction,4,13,3,4,8,5,6,3,5,4,55
Do,4,2,2,2,4,5,8,13,8,6,54
Bit,10,10,7,4,6,4,3,6,3,1,54
Why,6,4,7,3,3,7,2,7,7,8,54
some,8,10,9,4,7,6,2,4,2,2,54
Basis,11,8,10,4,4,8,1,1,5,2,54
Lossy,7,7,11,6,10,1,4,2,4,2,54
group,4,2,3,9,9,9,2,7,4,5,54
state,4,7,5,5,10,6,3,5,2,7,54
Driven,4,4,8,3,5,8,5,3,7,7,54
Parity,4,5,8,5,6,6,3,7,7,3,54
domain,1,5,5,4,4,6,9,7,6,7,54
survey,5,1,4,5,5,10,5,8,7,4,54
Applied,2,7,4,5,7,5,8,5,7,4,54
Pursuit,2,9,16,6,5,5,4,4,1,2,54
Reduced,4,12,7,4,3,7,7,6,3,1,54
decoding,7,8,7,8,1,4,7,5,1,6,54
features,2,1,3,3,4,10,9,7,9,6,54
Boltzmann,2,7,8,2,3,4,9,9,5,5,54
Networked,1,7,2,5,6,6,4,6,8,9,54
Controller,4,7,2,7,7,7,4,5,7,4,54
Forecasting,3,3,1,8,8,4,9,6,5,7,54
Quantifying,6,5,4,3,3,6,5,12,4,6,54
Implications,4,5,3,3,10,3,6,8,7,5,54
Some,7,5,3,6,8,7,6,5,4,2,53
Least,7,5,6,8,8,5,7,1,3,3,53
Radar,7,6,1,8,5,7,4,10,4,1,53
among,4,8,2,5,3,4,6,9,3,9,53
support,5,3,7,5,10,3,5,4,5,6,53
theorem,7,8,6,6,8,4,4,7,2,1,53
Balanced,4,6,6,11,2,5,6,4,3,6,53
External,3,4,3,9,6,3,5,8,7,5,53
capacity,13,12,7,6,3,3,2,3,2,2,53
sampling,6,8,3,5,7,4,7,7,3,3,53
Randomness,6,7,11,6,3,5,4,5,4,2,53
Transition,2,3,10,5,11,6,3,5,3,5,53
Simulations,2,7,4,3,7,7,9,7,6,1,53
Constructing,5,7,11,2,10,3,4,4,5,2,53
architecture,4,4,5,7,6,6,4,9,5,3,53
Comprehensive,2,2,7,6,5,14,3,2,5,7,53
game,9,6,9,5,2,3,5,5,6,2,52
Input,1,6,5,4,2,4,5,8,8,9,52
Plane,4,8,2,9,4,7,6,5,5,2,52
Choice,4,1,8,4,6,6,5,5,8,5,52
Curves,5,5,11,12,3,3,4,3,4,2,52
Latency,1,6,3,4,1,8,3,7,15,4,52
Weights,5,3,4,8,5,9,5,5,5,3,52
Breaking,14,11,5,6,4,4,2,2,1,3,52
Paradigm,2,6,5,5,6,11,3,3,6,5,52
Rational,7,9,3,5,8,7,1,5,4,3,52
Documents,4,9,3,6,6,1,7,7,7,2,52
semantics,6,8,7,6,7,6,5,3,1,3,52
Controlled,3,4,2,8,6,11,4,1,6,7,52
Importance,2,8,1,7,6,4,4,4,7,9,52
Acquisition,3,2,4,8,8,3,6,9,3,6,52
Alternating,2,4,3,3,12,4,5,11,6,2,52
Alternative,3,6,9,6,3,9,5,2,5,4,52
Feasibility,7,3,4,8,6,4,6,4,7,3,52
Collaboration,3,5,7,7,3,6,6,9,4,2,52
Gap,4,8,7,5,11,3,2,3,1,7,51
Data:,2,2,4,10,3,2,7,6,10,5,51
Repair,2,5,6,4,6,6,4,4,7,7,51
Decoder,5,5,4,6,5,3,9,2,8,4,51
Station,3,3,5,3,8,8,5,3,9,4,51
maximum,9,7,8,4,3,6,2,3,3,6,51
Messages,11,6,8,3,5,4,7,4,2,1,51
Standard,3,7,9,3,7,5,6,1,4,6,51
Tolerant,7,9,4,6,6,4,6,2,1,6,51
sequence,9,6,3,7,7,2,1,7,5,4,51
Dependent,4,4,6,7,5,5,5,8,2,5,51
Experience,7,4,2,3,3,7,7,6,5,7,51
Extensions,4,5,3,4,5,4,4,12,4,6,51
Handwritten,4,6,5,7,7,4,2,4,8,4,51
Computations,8,7,9,3,4,1,6,3,6,4,51
Implementing,1,9,10,4,4,7,3,4,2,7,51
Investigation,3,4,4,3,7,4,8,7,8,3,51
reconstruction,9,4,1,5,4,4,7,3,7,7,51
of,6,2,1,8,4,6,4,9,8,2,50
to,8,3,5,3,8,8,3,7,3,2,50
with,3,1,3,8,4,7,4,6,9,5,50
Green,2,3,4,9,3,8,7,7,4,3,50
class,5,5,9,4,2,5,7,3,5,5,50
proof,10,8,4,10,3,6,4,2,2,1,50
English,3,4,8,4,6,3,4,6,4,8,50
Texture,2,2,3,4,4,8,4,9,6,8,50
feature,6,2,5,9,5,1,3,7,4,8,50
Reactive,5,5,6,6,6,2,5,6,6,3,50
Euclidean,8,9,4,8,9,4,2,3,2,1,50
Multi-hop,4,8,5,9,9,3,1,3,4,4,50
Principal,6,8,5,3,4,6,6,5,5,2,50
sequences,8,6,6,3,9,6,5,3,3,1,50
Linguistic,3,2,4,2,2,6,8,7,9,7,50
Population,8,4,7,5,5,2,5,3,7,4,50
Sensitivity,4,3,1,9,10,3,10,2,5,3,50
Near-Optimal,8,3,2,9,2,10,2,7,3,4,50
Dimensionality,2,5,6,9,5,7,7,4,3,2,50
identification,4,4,5,3,3,5,9,4,9,4,50
File,6,6,10,2,11,1,3,4,1,5,49
Total,7,2,4,8,4,7,6,5,1,5,49
Cancer,3,2,6,5,3,6,5,12,2,5,49
Timing,2,2,1,6,8,6,6,7,4,7,49
Voting,6,5,5,8,1,3,6,7,7,1,49
quality,3,1,2,7,3,8,5,6,9,5,49
counting,4,6,3,8,3,8,4,8,2,3,49
tracking,1,2,3,5,6,4,14,5,4,5,49
Inferring,3,2,4,9,5,4,6,6,7,3,49
Partition,6,3,7,10,10,5,3,1,2,2,49
Conjecture,7,4,4,6,3,6,5,5,7,2,49
Mitigation,6,5,6,4,2,7,3,8,3,5,49
Successive,2,3,5,9,3,7,6,4,8,2,49
Abstraction,5,9,4,3,6,6,4,3,5,4,49
Combination,3,2,5,2,12,8,6,5,2,4,49
Multivariate,1,12,4,4,3,9,4,4,4,4,49
Peer-to-Peer,7,11,9,8,5,3,2,1,1,2,49
Configuration,4,13,5,2,6,5,2,4,3,5,49
Low-Complexity,2,2,7,5,10,7,6,8,1,1,49
Transformations,1,9,8,3,3,3,5,8,5,4,49
Many,3,2,5,9,6,3,6,7,6,1,48
RFID,10,15,8,3,2,2,3,1,3,1,48
Safe,6,5,2,2,3,6,2,6,8,8,48
Normal,3,5,6,3,5,7,3,6,7,3,48
Recent,3,1,3,7,6,7,7,5,4,5,48
Regret,5,4,4,7,6,5,5,4,4,4,48
Ordered,1,5,5,10,4,6,4,6,5,2,48
Hierarchy,6,3,4,4,4,9,8,4,4,2,48
Conceptual,4,3,7,6,6,3,1,4,9,5,48
Principles,5,7,5,4,8,6,1,6,1,5,48
environment,3,8,2,9,5,6,8,1,1,5,48
You,3,1,3,4,3,6,8,5,5,9,47
user,6,3,3,4,10,7,5,3,3,3,47
when,4,3,3,6,3,3,6,7,7,5,47
802.11,5,10,7,11,5,2,2,1,2,2,47
Almost,4,2,7,4,4,6,8,5,4,3,47
Clouds,5,4,4,2,5,5,6,2,6,8,47
mining,3,2,3,14,2,6,4,3,3,7,47
robust,1,4,7,3,6,4,7,8,4,3,47
Actions,2,2,5,8,4,2,9,7,4,4,47
Learned,1,1,4,1,3,6,7,5,7,12,47
Speaker,2,2,4,2,3,2,2,3,18,9,47
bounded,1,3,5,2,11,7,6,5,6,1,47
testing,5,4,2,11,2,8,7,3,3,2,47
Electric,1,1,1,3,6,7,9,8,7,4,47
Bipartite,6,5,8,2,6,3,4,6,3,4,47
Quantized,4,5,5,8,3,4,6,3,6,3,47
Transport,4,5,4,4,3,3,8,5,5,6,47
dimension,8,4,4,2,6,9,7,4,1,2,47
Distortion,7,7,5,5,4,4,5,2,3,5,47
Electronic,3,5,6,5,2,6,4,2,5,9,47
Multi-Antenna,6,5,4,4,7,4,6,6,3,2,47
Law,5,8,5,6,1,4,7,4,3,3,46
Loop,6,2,4,4,4,7,5,2,4,8,46
Norm,1,10,3,7,5,3,5,2,5,5,46
real,7,9,5,8,6,2,4,1,3,1,46
Monte,2,3,5,5,5,3,10,5,4,4,46
Clique,7,1,3,5,7,12,3,3,1,4,46
Expert,2,7,3,6,11,7,1,1,4,4,46
Graphs:,2,3,4,8,7,4,4,3,6,5,46
Minimax,3,4,4,2,4,11,4,4,3,7,46
Optimum,6,7,4,9,6,3,4,1,5,1,46
Proving,3,3,4,6,4,4,9,6,5,2,46
Vectors,1,6,6,4,4,4,4,9,5,3,46
natural,5,2,5,2,9,9,4,4,4,2,46
schemes,3,6,8,2,7,8,6,2,2,2,46
Antennas,5,11,5,5,4,7,1,2,4,2,46
Combined,2,5,7,7,2,5,3,3,5,7,46
Assessing,2,3,5,3,6,4,9,4,6,4,46
Collision,4,8,2,3,2,4,4,3,10,6,46
Induction,4,3,4,3,10,4,6,5,5,2,46
Relevance,3,3,3,6,9,3,4,4,7,4,46
Behavioral,2,3,5,4,5,8,6,3,6,4,46
Competition,1,5,2,4,6,9,5,6,2,6,46
Elimination,5,9,8,7,2,3,4,1,5,2,46
Broadcasting,4,9,7,6,3,8,2,1,5,1,46
Be,4,6,4,3,1,6,8,2,6,5,45
Cut,5,5,9,2,7,3,4,4,3,3,45
SVM,3,3,7,5,6,2,7,5,3,4,45
Does,3,5,4,1,4,6,4,7,5,6,45
Road,4,1,2,1,6,6,5,9,4,7,45
About,10,3,5,2,1,3,5,6,7,3,45
Carlo,2,3,5,5,5,3,10,5,4,3,45
Meets,3,3,2,3,4,6,10,2,6,6,45
Modal,4,5,6,7,7,8,2,2,1,3,45
Double,4,2,3,4,5,5,7,4,6,5,45
Trends,1,3,6,5,6,6,4,9,2,3,45
Unique,3,8,9,8,5,3,4,2,1,2,45
fields,7,5,1,5,3,4,9,1,5,5,45
Runtime,1,3,4,6,4,4,5,6,6,6,45
Steiner,4,7,5,5,11,4,2,2,4,1,45
minimum,10,5,4,3,5,7,7,1,2,1,45
Equation,3,12,6,4,1,5,6,1,4,3,45
Frequent,6,10,2,7,8,4,3,2,2,1,45
Inspired,5,8,4,5,3,6,7,2,3,2,45
Unifying,2,5,5,4,7,7,1,6,4,4,45
cellular,11,8,7,8,2,2,4,1,1,1,45
Attribute,1,8,2,6,1,2,4,9,6,6,45
Condition,5,9,9,2,4,4,2,4,5,1,45
Difference,1,8,6,6,5,5,3,2,1,8,45
structures,6,8,7,2,6,1,4,3,3,5,45
Isomorphism,1,6,6,3,7,9,7,1,2,3,45
Lightweight,6,6,4,3,2,3,2,4,5,10,45
compression,3,6,4,4,9,5,3,5,4,2,45
construction,7,6,8,3,6,2,5,2,4,2,45
Probabilities,1,1,3,6,20,2,4,2,5,1,45
Art,5,4,2,1,7,12,3,3,3,4,44
Best,1,5,3,4,2,2,8,8,6,5,44
cost,5,2,4,10,3,7,6,3,2,2,44
Cycle,4,7,9,3,1,4,2,6,4,4,44
using,1,4,6,10,6,3,4,2,5,3,44
Nested,4,8,6,5,2,4,4,4,2,5,44
visual,3,2,1,2,4,3,7,4,10,8,44
Current,4,7,3,7,4,5,5,2,2,5,44
Designs,6,3,7,7,3,8,3,1,2,4,44
Sliding,1,2,1,5,11,6,2,6,6,4,44
product,6,5,4,7,4,1,7,2,5,3,44
Personal,3,1,2,4,12,6,4,5,2,5,44
Theories,5,4,9,4,3,2,6,2,4,5,44
Platforms,2,5,4,5,4,1,4,11,4,4,44
inference,5,3,2,6,6,6,5,5,2,4,44
retrieval,1,6,3,6,5,5,5,5,5,3,44
stability,5,2,6,3,3,9,7,5,3,1,44
Collection,2,3,2,5,2,4,4,12,4,6,44
Divergence,4,2,7,6,4,7,2,2,6,4,44
Preferences,2,4,4,5,2,3,7,9,2,6,44
statistical,10,4,8,2,3,6,3,4,2,2,44
differential,5,3,3,9,6,4,2,4,6,2,44
Cryptographic,3,10,3,9,3,4,4,1,3,4,44
do,5,5,6,1,2,7,5,4,2,6,43
all,5,7,2,4,2,8,5,5,3,2,43
Gain,6,5,8,4,4,4,1,3,6,2,43
Hash,4,5,4,8,5,3,6,5,2,1,43
path,4,4,5,6,2,4,8,5,3,2,43
Route,5,8,6,8,3,3,1,3,3,3,43
Graph-,2,4,7,3,3,3,2,6,8,5,43
metric,3,5,5,4,2,10,3,7,2,2,43
single,4,5,3,4,6,5,2,3,5,6,43
Physics,10,4,4,7,2,5,1,4,4,2,43
Session,3,4,8,9,7,3,2,1,5,1,43
sharing,4,5,9,5,3,4,6,3,3,1,43
signals,7,7,2,1,5,1,10,4,3,3,43
Concepts,3,4,1,6,4,6,2,4,8,5,43
Reference,5,2,5,3,6,5,1,5,8,3,43
Signature,6,9,6,2,6,6,1,2,2,3,43
Tradeoffs,3,6,4,4,6,3,5,6,5,1,43
evolution,4,2,6,4,6,4,5,3,8,1,43
modelling,4,8,4,5,4,2,5,7,2,2,43
Attributes,1,3,2,2,2,4,6,14,1,8,43
Developing,2,4,5,4,5,7,5,3,3,5,43
Dimensions,3,7,5,2,3,5,6,6,3,3,43
Multilevel,6,8,4,1,3,8,6,2,4,1,43
Overlapping,3,5,2,3,2,7,4,10,3,4,43
Permutation,6,4,8,8,2,4,2,4,4,1,43
Termination,7,10,4,7,3,4,4,2,1,1,43
Independence,5,2,8,4,11,2,5,2,3,1,43
Intersection,5,3,9,2,4,4,1,4,6,5,43
Provisioning,2,8,8,4,1,9,2,6,1,2,43
Representing,4,3,5,2,8,5,4,5,5,2,43
Investigating,1,3,1,7,6,2,3,10,5,5,43
Game-Theoretic,2,1,5,4,5,2,8,6,3,7,43
in,8,4,3,8,4,3,3,2,3,4,42
vs,2,6,5,8,1,4,5,5,5,1,42
Bias,2,3,2,4,3,2,6,2,5,13,42
type,4,6,6,6,3,2,4,4,2,5,42
Notes,7,7,2,3,3,4,4,5,3,4,42
Sound,1,1,6,2,5,6,1,6,9,5,42
Affine,1,3,8,5,5,5,3,6,2,4,42
Kalman,4,4,2,5,2,5,3,9,6,2,42
Mixing,1,6,2,2,9,2,6,5,4,5,42
States,7,7,2,1,4,5,4,9,2,1,42
source,4,4,2,9,7,3,2,5,5,1,42
Passive,5,8,4,1,7,3,1,3,7,3,42
Strongly,4,6,6,8,2,7,2,4,1,2,42
Teaching,10,3,4,3,4,5,1,2,5,5,42
citation,4,3,6,1,5,4,4,11,2,2,42
feedback,4,6,5,3,3,6,4,4,5,2,42
Matchings,5,3,5,6,7,3,6,1,3,3,42
Processor,1,4,9,4,8,4,5,2,4,1,42
Scenarios,3,1,5,3,2,6,5,5,10,2,42
Verifying,3,4,4,2,5,6,4,6,4,4,42
filtering,4,2,5,6,8,6,5,1,4,1,42
Extracting,4,2,5,4,7,3,3,7,6,1,42
Fractional,4,6,5,5,5,3,2,6,1,5,42
Likelihood,2,3,2,6,9,2,3,6,3,6,42
constraint,7,10,5,2,1,4,8,3,1,1,42
First-Order,3,5,5,3,6,3,3,4,7,3,42
Visualizing,3,2,3,3,4,3,5,8,8,3,42
Relationships,3,5,2,5,4,5,5,2,3,8,42
Characteristics,4,6,2,4,6,1,2,8,5,4,42
Life,4,6,1,8,3,5,3,4,4,3,41
Very,3,6,7,3,4,2,7,5,3,1,41
Reuse,2,1,2,5,1,5,6,4,7,8,41
types,3,5,8,6,6,2,3,2,1,5,41
Bandit,2,5,2,4,4,4,2,4,7,7,41
across,1,3,1,4,8,6,3,2,10,3,41
global,6,4,4,6,7,3,3,3,2,3,41
speech,1,1,1,5,2,2,1,5,17,6,41
Forward,4,6,4,3,2,5,5,4,4,4,41
Offline,6,7,1,1,4,6,4,5,3,4,41
Studies,3,8,5,2,2,6,3,6,4,2,41
Tagging,2,1,3,4,5,4,3,8,7,4,41
Coherent,4,1,2,8,3,2,7,3,5,6,41
Detector,3,1,1,1,3,7,8,2,7,8,41
Network:,2,2,1,2,5,2,4,7,9,7,41
Operator,2,3,5,6,3,3,3,3,8,5,41
Securing,2,10,4,7,4,2,2,1,1,8,41
Transmit,2,9,3,3,6,4,4,4,2,4,41
measures,4,4,7,7,1,2,4,4,2,6,41
Character,3,5,5,4,4,3,6,3,3,5,41
Inductive,2,4,6,3,5,3,3,4,4,7,41
Principle,6,5,1,6,8,2,5,1,4,3,41
Receivers,3,4,6,5,5,5,5,3,3,2,41
community,1,1,2,3,11,2,10,3,6,2,41
solutions,4,6,4,4,4,4,3,6,3,3,41
Centrality,2,3,4,4,5,4,4,6,8,1,41
Enterprise,6,5,5,8,2,2,3,6,2,2,41
Maintenance,3,7,5,7,6,3,2,5,2,1,41
Observation,4,5,4,6,4,4,2,3,6,3,41
development,4,5,4,4,4,3,1,3,9,4,41
Observations,2,4,2,7,2,5,4,4,5,6,41
verification,3,2,10,5,4,3,3,6,3,2,41
Normalization,3,5,1,4,3,4,2,2,6,11,41
decomposition,4,4,4,3,3,7,9,1,2,4,41
Categorization,1,5,2,3,6,7,5,3,6,3,41
Multiple-Access,6,6,8,8,1,4,3,2,2,1,41
Cyber,3,1,3,3,3,7,6,3,3,8,40
terms,7,8,5,5,2,5,2,2,2,2,40
filter,1,3,3,6,6,5,6,4,3,3,40
Disease,1,3,1,1,6,2,3,7,9,7,40
minimal,5,7,3,1,3,8,3,2,2,6,40
Bounding,6,5,5,6,4,2,3,2,6,1,40
Manifold,1,5,3,2,2,4,5,3,6,9,40
directed,8,7,5,4,2,3,4,4,1,2,40
temporal,4,4,4,1,3,6,9,4,1,4,40
Ensembles,4,2,4,3,4,1,4,8,4,6,40
Incentive,3,5,4,4,4,4,4,5,4,3,40
Syntactic,6,3,4,2,3,3,5,2,9,3,40
protocols,6,5,4,7,2,6,3,3,2,2,40
Covariance,2,5,2,3,4,5,6,5,3,5,40
Interfaces,5,1,3,3,5,5,6,2,4,6,40
Tomography,4,5,3,4,2,4,3,4,8,3,40
extraction,2,7,4,6,5,3,3,3,1,6,40
Multi-agent,8,1,5,4,5,6,2,1,3,5,40
Operational,2,6,6,4,3,5,5,3,4,2,40
RDF,1,5,3,3,3,4,11,5,1,3,39
Cross,6,5,5,4,3,5,1,7,2,1,39
robot,7,3,1,4,4,4,3,5,5,3,39
rules,6,7,4,4,6,3,2,4,1,2,39
Solver,1,4,3,3,4,4,7,4,7,2,39
Spread,2,5,5,9,2,6,3,1,5,1,39
motion,1,3,1,3,4,7,2,5,6,7,39
Hamming,5,6,5,7,1,3,5,1,1,5,39
Moments,13,4,3,3,1,2,3,1,4,5,39
classes,3,1,4,6,4,5,7,2,6,1,39
Mixtures,3,2,2,5,9,4,6,3,3,2,39
Subgraph,6,1,2,3,3,7,8,2,5,2,39
Taxonomy,2,5,3,1,7,3,4,2,6,6,39
Wideband,3,13,4,1,4,4,4,2,1,3,39
behavior,2,4,5,3,3,10,2,4,4,2,39
circuits,3,4,6,2,3,4,5,5,1,6,39
improved,3,4,3,6,2,7,6,2,5,1,39
strategy,6,2,3,3,6,8,2,2,2,5,39
Distances,5,5,4,10,1,6,3,2,2,1,39
Splitting,3,4,3,2,4,4,4,5,4,6,39
real-time,5,6,1,2,2,3,8,4,5,3,39
Biological,7,9,2,2,3,7,5,1,1,2,39
Literature,2,3,1,6,3,4,5,3,8,4,39
Efficiently,5,1,1,5,5,3,8,2,7,2,39
Preliminary,2,1,3,2,11,1,7,4,5,3,39
approximate,2,5,7,2,7,4,4,2,3,3,39
Relationship,2,3,3,6,3,1,5,8,4,4,39
Surveillance,1,2,1,3,6,6,5,4,5,6,39
heterogeneous,1,6,4,4,3,4,4,6,5,2,39
Asymptotically,5,5,1,5,6,6,1,1,5,4,39
Decompositions,4,2,7,4,5,4,3,5,1,4,39
Fault-Tolerant,6,5,6,4,3,5,4,4,1,1,39
No,5,4,4,3,1,5,4,6,4,2,38
MDS,5,2,7,2,7,3,3,5,2,2,38
TSP,1,4,5,7,7,5,3,2,3,1,38
Easy,2,4,6,7,3,6,4,1,3,2,38
rank,3,1,1,6,4,7,8,3,2,3,38
Pilot,3,2,1,3,1,2,3,14,5,4,38
Units,2,4,3,2,4,2,5,6,4,6,38
Codes:,6,3,6,5,3,4,1,5,2,3,38
degree,6,2,8,2,2,2,4,6,3,3,38
effect,2,2,2,6,6,8,2,5,3,2,38
series,7,3,5,1,4,4,2,3,6,3,38
Reverse,4,5,4,5,3,4,3,3,4,3,38
Shaping,2,5,1,4,3,2,7,5,4,5,38
Textual,2,1,3,4,3,1,5,5,7,7,38
pattern,3,2,5,2,3,6,3,3,5,6,38
Division,2,3,2,6,3,3,5,2,8,4,38
Negative,2,8,5,2,5,3,3,5,1,4,38
Priority,2,7,6,1,6,5,4,2,3,2,38
Branching,5,8,2,4,6,2,5,3,1,2,38
Composite,2,6,4,4,3,2,5,3,6,3,38
Signaling,4,3,5,3,4,5,5,5,3,1,38
automatic,2,2,4,4,4,3,4,4,4,7,38
symmetric,4,10,6,1,4,4,1,3,3,2,38
Membership,3,3,4,2,5,5,4,7,2,3,38
Persistent,1,5,4,4,4,4,2,5,2,7,38
similarity,3,2,1,7,6,4,5,2,6,2,38
Fingerprint,4,6,3,5,4,1,3,2,6,4,38
Benchmarking,1,2,2,1,5,3,10,4,4,6,38
Multi-Objective,2,3,4,1,3,4,3,6,6,6,38
C,2,6,3,8,3,2,5,5,1,2,37
Zero,2,2,4,3,3,4,4,6,8,1,37
Rapid,1,2,5,4,1,6,1,6,8,3,37
Shift,3,1,4,5,3,4,5,5,3,4,37
Medium,3,10,5,5,3,1,3,4,1,2,37
Modern,3,2,5,3,6,6,2,3,5,2,37
Square,7,3,2,4,3,6,2,2,5,3,37
vector,4,6,4,4,6,4,1,4,2,2,37
Example,3,5,2,7,4,5,2,4,3,2,37
Grammar,8,4,1,6,4,3,1,3,6,1,37
Revenue,5,3,4,5,1,7,4,6,1,1,37
Low-rank,1,1,5,1,3,3,4,7,6,6,37
Periodic,3,4,7,4,5,5,5,1,1,2,37
Querying,3,3,5,7,2,2,5,3,4,3,37
platform,2,4,1,3,4,4,4,3,6,6,37
Avoidance,3,4,1,2,2,4,3,6,8,4,37
Existence,1,5,8,5,3,2,4,5,3,1,37
Operating,1,7,5,7,6,1,3,2,2,3,37
Tolerance,1,7,5,2,3,6,4,3,3,3,37
Activities,2,3,4,3,3,1,3,4,11,3,37
continuous,4,1,3,5,4,6,5,2,4,3,37
convergence,6,2,4,4,6,3,2,3,4,3,37
Inequalities,5,2,6,4,3,2,5,5,3,2,37
Neighborhood,3,5,4,3,7,2,3,3,4,3,37
Dissemination,1,4,7,5,7,3,1,1,5,3,37
Source-Channel,9,4,6,4,5,3,3,1,1,1,37
representations,1,1,4,5,1,4,3,7,3,8,37
3,6,4,2,6,6,4,2,1,2,3,36
PC,1,6,2,5,1,5,6,3,3,4,36
Play,2,2,5,2,3,2,4,10,4,2,36
Costs,3,1,7,3,4,6,5,2,2,3,36
Closed,4,8,8,3,2,1,4,3,2,1,36
Inputs,1,1,4,4,2,4,2,4,8,6,36
Sphere,8,4,4,2,5,6,3,2,1,1,36
Values,5,6,2,3,1,3,2,5,6,3,36
Extreme,2,1,2,2,2,4,4,5,7,7,36
History,3,1,2,6,6,2,5,2,2,7,36
Various,2,4,5,5,6,6,4,1,1,2,36
Coupling,1,3,7,4,3,6,3,4,1,4,36
Formulas,12,5,4,3,2,3,1,2,1,3,36
Education,2,1,1,4,4,6,2,5,7,4,36
Intrinsic,2,5,2,2,5,1,4,4,6,5,36
Laplacian,1,3,2,3,3,2,6,8,6,2,36
Multi-Hop,4,6,3,7,3,1,1,5,3,3,36
Multiscale,2,3,4,2,3,4,4,3,6,5,36
allocation,2,9,3,5,2,4,2,3,2,4,36
Synchronous,4,4,3,5,2,3,4,4,2,5,36
Transmitter,7,5,4,4,4,3,1,4,2,2,36
Time-Varying,4,3,3,5,3,4,3,5,5,1,36
Incorporating,1,3,2,3,2,3,4,9,5,4,36
II,5,5,3,4,2,4,5,3,3,1,35
Texts,3,2,3,4,1,3,5,6,4,4,35
media,2,1,4,2,5,4,6,5,3,3,35
People,1,2,1,2,4,4,4,4,9,4,35
secure,3,1,4,7,6,2,3,5,1,3,35
Shannon,3,5,3,6,4,1,5,4,1,3,35
Varying,4,6,3,11,2,3,2,2,1,1,35
Locality,3,3,4,2,4,4,3,2,5,5,35
Truthful,3,4,2,8,4,6,4,1,2,1,35
presence,4,3,3,5,2,3,7,3,1,4,35
property,3,3,5,2,5,4,6,3,3,1,35
training,3,1,2,2,2,3,3,1,9,9,35
Biometric,4,7,7,4,2,1,1,1,4,4,35
Financial,2,6,2,1,3,1,7,4,8,1,35
universal,8,3,4,1,4,3,2,5,2,3,35
Directions,2,2,3,3,1,2,8,6,3,5,35
Heuristics,3,3,7,3,4,3,1,7,3,1,35
Sufficient,5,1,4,5,3,4,3,7,2,1,35
Hierarchies,2,2,5,6,5,3,3,4,3,2,35
Restoration,4,1,4,2,3,7,3,3,3,5,35
interactive,1,3,6,6,2,1,3,3,6,4,35
Effectiveness,3,4,3,2,2,3,5,4,3,6,35
Differentially,3,3,5,1,1,4,4,5,3,6,35
High-Dimensional,3,2,3,3,3,7,5,5,2,2,35
it,5,2,4,1,5,4,4,3,4,2,34
Non,8,5,2,3,1,5,2,4,3,1,34
Way,1,3,5,4,2,4,5,3,4,3,34
#NAME?,7,5,6,2,6,1,3,1,1,2,34
Lines,2,9,4,2,4,4,1,4,3,1,34
exact,3,5,8,1,2,8,1,2,3,1,34
Agent-,1,4,6,4,7,7,1,2,1,1,34
Forest,2,4,2,3,2,5,3,5,5,3,34
Labels,1,2,2,3,3,5,5,5,5,3,34
spaces,3,2,1,2,3,7,5,3,6,2,34
Auction,5,3,3,8,3,3,2,2,2,3,34
Drawing,2,6,2,3,4,5,2,3,4,3,34
Lexical,1,1,3,3,5,3,5,7,4,2,34
element,3,2,2,3,3,2,5,4,7,3,34
metrics,2,2,1,2,6,4,8,2,4,3,34
spatial,3,1,3,4,7,3,3,6,1,3,34
Clinical,2,3,2,1,3,1,1,9,4,8,34
machines,3,5,5,2,5,1,4,3,1,5,34
Sensitive,2,1,2,8,5,2,4,3,6,1,34
Background,1,1,2,5,3,2,10,1,6,3,34
Undirected,3,4,3,9,3,2,4,2,3,1,34
University,5,2,6,2,2,2,6,4,3,2,34
approaches,2,4,3,3,3,6,4,4,2,3,34
Introducing,5,4,5,2,7,5,3,1,1,1,34
Progressive,3,3,2,4,5,3,3,4,3,4,34
Completeness,3,4,5,4,5,3,3,2,3,2,34
Optimisation,5,5,5,2,2,1,3,3,4,4,34
Propositional,1,6,12,4,1,4,1,2,1,2,34
Reconfigurable,1,8,1,5,4,3,3,2,3,4,34
Page,1,7,10,4,3,1,1,2,2,2,33
Work,2,3,3,4,6,4,3,2,3,3,33
Lemma,4,4,3,3,3,3,6,3,2,2,33
Rings,4,5,3,4,4,3,2,4,3,1,33
Water,2,1,2,2,2,6,3,7,4,4,33
field,4,5,5,2,4,1,3,4,3,2,33
phase,2,5,4,1,5,1,2,5,5,3,33
Games:,2,6,4,2,1,4,4,5,3,2,33
Update,3,4,1,3,5,5,2,4,3,3,33
objects,2,5,3,1,7,5,4,4,1,1,33
Facebook,1,3,4,3,2,1,7,1,8,3,33
Grammars,4,3,3,8,3,2,2,3,3,2,33
Integral,2,3,5,3,1,2,7,5,3,2,33
Analysis:,3,1,7,2,3,2,5,2,4,4,33
Awareness,1,2,3,2,5,5,4,4,4,3,33
Behaviour,2,7,4,2,1,2,3,6,2,4,33
bipartite,3,2,5,5,5,4,4,2,1,2,33
embeddings,3,2,1,1,4,3,2,7,4,6,33
functional,4,2,2,8,3,5,4,1,1,3,33
Accelerated,1,2,1,3,1,3,3,3,10,6,33
Hamiltonian,3,7,6,3,1,2,3,4,2,2,33
interaction,1,3,2,2,3,4,4,5,7,2,33
localization,1,1,1,3,6,3,7,6,2,3,33
Information-Theoretic,3,4,4,1,4,4,6,4,1,2,33
AWGN,5,1,8,5,2,2,4,1,3,1,32
Home,3,5,2,2,3,7,1,2,2,5,32
Next,1,7,2,7,3,1,7,2,1,1,32
Rough,5,4,3,1,5,5,1,5,1,2,32
Trace,4,3,4,2,2,3,6,4,3,1,32
Where,3,2,4,3,3,2,5,3,3,4,32
weight,4,2,4,5,4,5,2,1,4,1,32
Cascade,2,4,2,2,2,2,5,3,7,3,32
Corpora,1,1,2,1,1,2,3,5,8,8,32
applied,3,1,6,4,2,1,2,7,4,2,32
lattice,2,4,4,6,3,5,4,1,1,2,32
Iterated,3,5,3,2,4,6,1,4,3,1,32
PageRank,1,4,3,5,3,3,4,5,2,2,32
Singular,4,6,4,6,4,3,2,1,1,1,32
Spanners,1,5,4,6,3,2,3,2,4,2,32
Surfaces,2,3,5,2,5,5,4,3,1,2,32
spectrum,4,2,1,4,2,3,9,3,1,3,32
Encrypted,4,1,2,2,1,5,5,5,5,2,32
Histogram,3,1,1,2,3,3,4,4,4,7,32
Proactive,3,4,3,4,4,1,4,5,1,3,32
Proximity,1,5,4,2,3,5,4,3,4,1,32
algebraic,2,6,7,4,3,2,3,1,2,2,32
Recovering,4,3,4,6,3,2,7,1,1,1,32
Relaxation,2,5,4,1,2,4,5,5,2,2,32
Underwater,2,2,2,3,2,2,3,11,2,3,32
assessment,4,3,2,2,4,4,4,2,2,5,32
Nonnegative,1,3,5,3,1,2,7,5,3,2,32
Multicasting,2,3,1,3,5,3,4,3,5,3,32
deterministic,6,6,4,2,4,1,4,2,1,2,32
Few,4,1,3,1,2,3,7,7,2,1,31
Queue,1,8,2,3,2,5,2,4,1,3,31
Solve,4,1,4,3,3,6,4,2,1,3,31
Views,2,3,5,5,1,4,4,4,2,1,31
bases,3,5,3,5,6,1,1,2,2,3,31
Levels,4,4,1,3,4,3,2,4,3,3,31
length,3,2,5,1,5,3,5,3,2,2,31
Compute,1,5,6,3,4,2,2,2,2,4,31
improve,5,4,2,3,4,1,3,4,3,2,31
Circular,4,2,4,4,4,4,1,4,3,1,31
Deciding,3,1,5,5,5,5,1,3,1,2,31
Emerging,1,3,4,5,2,2,7,2,3,2,31
Expected,6,4,3,2,2,5,1,2,1,5,31
Progress,1,1,3,5,3,5,3,2,3,5,31
Proposal,2,1,4,1,3,3,5,6,4,2,31
Migration,2,4,7,2,4,1,2,4,3,2,31
numerical,5,3,3,4,3,3,5,2,2,1,31
Multi-Cell,3,2,4,4,1,4,3,3,3,4,31
Processors,8,4,3,2,2,2,4,1,2,3,31
Simplified,2,6,2,3,2,2,6,5,1,2,31
conditions,3,2,2,5,4,1,2,5,5,2,31
structured,3,1,4,3,2,4,5,4,3,2,31
Orientation,3,1,3,2,2,4,1,3,9,3,31
environments,1,4,1,5,5,5,4,1,2,3,31
Expressiveness,4,5,5,4,1,5,2,2,2,1,31
k,4,5,2,1,5,3,3,5,1,1,30
en,9,6,1,2,3,3,2,1,2,1,30
FPG,1,5,2,3,1,5,4,4,3,2,30
LTL,2,4,5,6,3,4,2,1,1,2,30
SQL,3,3,1,7,2,2,4,4,2,2,30
Rich,2,1,1,2,6,1,3,5,3,6,30
more,3,3,7,3,2,1,3,4,1,3,30
Among,3,3,3,4,1,3,4,1,5,3,30
Sense,2,3,1,6,5,3,2,1,1,6,30
Voice,3,2,1,6,4,1,1,3,6,3,30
Schema,3,3,4,2,4,5,2,3,1,3,30
proofs,3,4,8,4,2,1,1,1,4,2,30
Longest,5,1,2,3,3,5,4,2,3,2,30
Solvers,1,2,4,3,3,4,4,5,1,3,30
ranking,1,7,2,5,2,3,2,4,2,2,30
Advances,2,2,1,4,5,4,1,5,3,3,30
Internal,3,5,3,2,2,2,2,4,3,4,30
Queueing,9,4,7,1,1,1,3,1,1,2,30
equation,7,7,2,2,1,3,3,1,2,2,30
Intensity,4,3,2,1,1,2,1,7,3,6,30
Malicious,3,6,1,4,1,5,1,2,3,4,30
Realistic,3,3,1,4,1,2,4,2,3,7,30
Dependence,2,2,8,5,3,1,1,4,2,2,30
Invariants,2,2,7,2,2,2,3,3,4,3,30
Controllers,1,3,4,4,3,4,3,4,3,1,30
Enumeration,2,4,1,3,6,3,1,2,5,3,30
Positioning,2,3,1,5,1,6,5,1,2,4,30
simulations,5,1,3,5,5,1,3,2,1,4,30
Preservation,6,2,1,6,3,1,2,2,3,4,30
Second-Order,3,3,1,3,4,5,3,2,4,2,30
transmission,3,3,1,7,2,3,2,4,4,1,30
Automatically,1,2,5,1,4,3,3,2,5,4,30
Re,2,1,6,3,1,2,4,5,3,2,29
2,2,7,4,4,3,2,2,3,1,1,29
SAR,2,1,1,2,5,3,4,5,4,2,29
one,2,7,5,1,2,2,1,2,3,4,29
Disk,1,1,4,2,3,6,7,1,2,2,29
MDPs,2,2,6,3,5,6,1,1,2,1,29
Pure,1,7,5,1,2,4,2,2,3,2,29
Sums,11,5,1,2,2,1,2,3,1,1,29
Margin,2,4,4,2,3,1,6,1,4,2,29
Subset,1,1,2,6,2,2,8,4,1,2,29
curves,2,5,1,3,5,3,4,2,3,1,29
Element,2,3,4,2,3,5,4,2,3,1,29
Initial,1,3,2,2,5,2,4,8,1,1,29
Strings,4,5,6,2,1,4,2,2,2,1,29
Products,1,1,5,3,4,4,1,6,2,2,29
Analysing,1,2,2,1,9,1,5,1,3,4,29
Integrity,2,3,1,1,3,5,1,3,3,7,29
Questions,2,1,1,1,2,2,7,2,4,7,29
Usability,1,4,2,3,3,2,2,4,4,4,29
iterative,2,6,2,3,3,2,3,3,3,2,29
artificial,4,2,2,3,4,4,1,2,4,3,29
Categorical,2,2,3,2,1,3,6,5,2,3,29
Controlling,1,1,3,4,2,6,2,3,4,3,29
Determining,1,3,5,4,4,4,2,1,3,2,29
#NAME?,4,2,3,2,4,2,3,3,2,4,29
evolutionary,6,2,4,1,5,3,1,3,1,3,29
intelligence,2,1,2,4,6,1,1,4,6,2,29
It,2,3,3,5,2,2,5,2,2,2,28
noisy,4,5,2,1,5,1,2,1,5,2,28
Oracle,2,5,4,1,5,2,2,1,4,2,28
Models:,2,2,2,3,4,2,2,1,5,5,28
Setting,2,1,3,2,3,3,2,4,2,6,28
Special,3,5,5,3,6,2,1,1,1,1,28
Trading,2,3,5,3,3,3,3,1,2,3,28
privacy,3,4,1,2,2,3,1,5,5,2,28
Adoption,1,5,1,5,3,4,1,2,3,3,28
services,3,5,4,1,4,2,2,4,1,2,28
Sublinear,2,5,1,1,2,7,4,3,2,1,28
reasoning,1,1,5,5,4,5,2,2,2,1,28
Confidence,1,1,2,3,5,3,3,2,3,5,28
Frameworks,2,3,1,3,4,3,2,3,1,6,28
Inequality,5,3,7,2,2,2,2,2,2,1,28
Ontologies,4,2,3,1,5,3,1,4,2,3,28
Scattering,2,1,1,1,2,5,7,3,2,4,28
sequential,3,4,3,2,2,4,2,1,2,5,28
Classifying,1,2,1,1,3,2,3,5,2,8,28
Recognizing,1,1,2,3,2,1,5,3,6,4,28
architectures,2,2,8,2,3,3,2,1,2,3,28
approximations,2,4,3,4,4,1,2,3,4,1,28
/,5,1,1,6,2,3,2,1,4,2,27
Job,2,3,6,3,4,2,1,2,1,3,27
Than,1,4,4,3,3,2,3,2,2,3,27
Limit,5,5,6,1,2,1,1,3,2,1,27
kernel,5,2,1,1,1,4,4,4,3,2,27
robots,2,1,3,1,4,5,6,1,3,1,27
Elastic,5,2,3,1,2,1,4,3,3,3,27
optical,1,1,4,3,2,1,5,4,4,2,27
queries,4,4,2,2,2,2,4,2,2,3,27
Diameter,2,3,4,3,2,5,5,1,1,1,27
Harmonic,1,3,4,1,1,2,4,5,4,2,27
Mappings,2,5,3,1,2,2,2,3,4,3,27
Monotone,1,2,4,3,3,1,8,1,3,1,27
Randomly,3,3,3,1,1,6,2,4,1,3,27
Stations,2,2,1,1,4,4,2,5,4,2,27
interval,3,2,3,4,1,5,2,4,2,1,27
rational,4,1,3,2,3,3,3,4,3,1,27
arbitrary,8,1,1,3,5,1,4,1,2,1,27
classical,4,2,3,3,3,3,2,4,2,1,27
databases,4,4,2,3,6,1,2,3,1,1,27
empirical,1,2,2,3,1,2,2,7,5,2,27
Educational,4,4,2,3,2,3,3,1,1,4,27
Homogeneous,2,6,2,3,4,1,3,1,1,4,27
equivalence,2,4,4,3,3,3,2,3,2,1,27
Availability,2,3,1,3,1,2,1,4,8,2,27
Decidability,5,3,4,3,1,2,2,5,1,1,27
Proportional,1,4,3,2,2,8,1,3,1,2,27
quantitative,6,1,1,7,1,3,3,1,1,3,27
Determination,5,2,2,3,3,2,2,3,4,1,27
Multi-Channel,3,2,2,4,1,3,4,1,3,4,27
Virtualization,1,2,1,3,3,5,3,4,4,1,27
characterization,5,3,2,4,4,2,1,1,1,4,27
?,3,4,1,1,4,2,4,2,4,1,26
but,3,4,3,3,2,2,1,4,1,3,26
how,2,4,3,2,3,2,1,2,3,4,26
maps,5,2,2,2,2,3,2,3,3,2,26
Known,7,1,1,5,3,1,1,2,4,1,26
Smooth,2,3,2,4,3,3,3,3,2,1,26
Syntax,1,2,2,2,3,1,3,2,6,4,26
Traces,4,4,2,4,2,3,2,2,2,1,26
Volume,2,3,1,1,4,1,4,3,2,5,26
Window,1,3,2,3,1,5,2,6,1,2,26
Defined,2,2,1,2,2,3,1,5,3,5,26
Journal,8,2,1,5,2,2,2,1,2,1,26
Windows,3,3,5,1,3,4,1,3,2,1,26
imaging,1,1,3,5,2,1,4,3,3,3,26
Bridging,2,2,4,1,3,3,1,3,4,3,26
Compound,6,4,3,2,1,3,3,2,1,1,26
Elements,1,1,2,4,4,4,2,3,2,3,26
Broadband,6,4,2,4,3,2,1,2,1,1,26
Epistemic,1,5,2,1,5,7,1,1,2,1,26
discovery,4,1,2,1,4,3,2,2,4,3,26
Biomedical,1,3,1,2,2,4,1,4,1,7,26
Equivalent,3,3,4,3,3,3,2,3,1,1,26
Logarithmic,2,4,2,2,2,3,3,2,3,3,26
Transitions,3,3,4,1,3,2,3,3,3,1,26
computations,5,3,4,4,1,1,3,2,1,2,26
Superposition,3,2,2,3,4,3,2,3,3,1,26
Form,2,2,4,3,2,1,2,5,2,2,25
Less,1,2,3,6,1,1,2,3,2,4,25
White,3,1,2,2,4,2,4,2,3,2,25
paths,2,4,4,3,4,1,2,3,1,1,25
speed,6,3,3,1,2,2,2,3,2,1,25
Pareto,1,3,3,4,1,2,4,4,2,1,25
Enhance,3,2,3,1,1,3,3,1,4,4,25
Ordinal,3,1,1,2,3,1,1,4,5,4,25
Slotted,1,1,2,1,1,3,8,3,3,2,25
Tensors,2,1,3,2,1,2,5,4,3,2,25
Analytic,1,7,1,4,1,2,3,4,1,1,25
Studying,2,1,3,2,2,5,2,1,3,4,25
surfaces,3,4,2,2,4,6,1,1,1,1,25
topology,4,3,3,2,1,4,3,1,2,2,25
Annealing,2,5,1,3,5,3,2,1,2,1,25
Emotional,1,4,3,1,1,1,2,3,6,3,25
Massively,1,2,2,4,1,2,3,3,5,2,25
Trade-off,2,1,2,2,2,6,3,2,3,2,25
Multi-Armed,1,2,1,5,5,2,1,1,4,3,25
Universality,4,3,3,1,4,1,4,2,1,2,25
Out,1,5,1,4,1,2,2,3,3,2,24
map,1,1,4,2,1,1,2,5,1,6,24
Back,4,4,3,1,1,1,4,2,3,1,24
open,3,1,2,6,2,1,1,4,3,1,24
Changes,1,2,1,3,3,3,3,3,1,4,24
Editing,2,2,1,1,5,2,4,3,3,1,24
Outlier,3,2,2,1,2,4,1,4,3,2,24
Ternary,7,3,1,1,3,1,2,2,3,1,24
Tracing,1,3,4,3,3,2,1,2,2,3,24
Algebras,5,2,4,2,3,2,1,2,1,2,24
Category,4,1,3,2,1,1,4,4,2,2,24
Content-,2,2,1,3,4,2,1,3,3,3,24
Election,2,1,2,3,1,2,4,4,4,1,24
Averaging,3,5,1,4,3,2,1,2,1,2,24
Debugging,3,6,1,3,3,2,1,2,1,2,24
Estimates,1,1,2,5,3,1,4,1,2,4,24
Variations,2,2,2,1,2,2,2,4,4,3,24
Allocations,3,4,1,3,3,3,3,2,1,1,24
measurements,2,1,2,3,4,4,3,1,3,1,24
Constellation,3,3,1,6,3,2,2,1,1,2,24
parameterized,1,4,5,1,3,2,2,1,4,1,24
you,1,1,1,1,2,4,1,5,4,3,23
many,1,1,1,5,3,3,2,4,1,2,23
nets,2,3,2,4,3,2,1,3,1,2,23
Motor,1,3,2,5,4,2,2,1,1,2,23
Sharp,5,1,1,4,3,1,2,1,4,1,23
public,2,3,3,2,2,2,1,3,4,1,23
Predict,1,1,4,2,2,2,4,2,3,2,23
Segment,3,3,2,1,1,3,1,4,3,2,23
Success,1,2,1,3,2,1,6,2,3,2,23
Conflict,1,3,2,3,1,3,3,2,2,3,23
complete,4,4,2,4,2,1,1,1,2,2,23
Decidable,1,8,5,1,2,2,1,1,1,1,23
Employing,2,2,1,3,2,1,1,2,6,3,23
Generated,2,3,3,2,2,2,2,3,2,2,23
Reporting,1,3,2,1,5,3,1,1,4,2,23
Utilizing,2,3,3,1,3,3,1,2,1,4,23
Automating,2,1,3,6,1,2,2,1,3,2,23
coordination,1,1,5,1,4,1,1,2,2,5,23
Triangulations,3,2,3,4,3,3,1,1,2,1,23
have,1,1,4,4,1,1,2,2,2,4,22
Goods,1,3,1,2,1,2,2,5,2,3,22
Outer,1,4,5,3,2,2,1,2,1,1,22
color,3,2,1,2,4,2,3,1,3,1,22
Rnyi,1,2,1,2,1,1,4,1,7,2,22
Supply,1,4,3,5,3,2,1,1,1,1,22
beyond,2,3,4,2,1,5,1,1,1,2,22
Bidding,1,1,2,2,2,1,4,1,6,2,22
Oracles,2,3,5,3,1,2,1,2,1,2,22
Unicast,4,4,4,1,1,3,2,1,1,1,22
Walking,1,1,1,1,1,2,4,2,8,1,22
database,3,2,3,3,3,2,2,2,1,1,22
geometry,2,1,3,3,3,2,3,1,3,1,22
products,1,5,2,3,4,1,1,1,2,2,22
Fragments,3,3,4,2,1,1,2,1,4,1,22
Redundant,1,1,4,3,4,1,2,1,2,3,22
structural,1,4,1,2,2,3,1,3,3,2,22
Centralized,1,1,2,3,2,3,3,4,2,1,22
Interacting,3,1,1,4,2,4,1,1,3,2,22
Prioritized,2,3,1,4,2,2,2,1,1,4,22
Significant,1,4,2,1,2,3,3,4,1,1,22
permutation,1,3,5,1,1,2,3,1,4,1,22
Card,2,7,2,3,1,2,1,1,1,1,21
curve,2,2,2,1,7,1,2,2,1,1,21
Leader,3,1,1,3,1,1,4,4,1,2,21
vision,2,1,1,1,4,1,3,4,2,2,21
Anarchy,2,2,3,3,4,2,1,2,1,1,21
Popular,1,1,2,2,2,3,2,2,3,3,21
chaotic,2,4,1,3,1,1,3,2,3,1,21
integer,2,1,1,5,1,3,4,2,1,1,21
Creating,3,3,2,2,1,2,2,3,1,2,21
Instances,1,2,2,4,4,1,1,3,2,1,21
Separable,3,2,2,1,1,2,3,3,3,1,21
alignment,1,2,2,3,1,1,2,1,6,2,21
partition,5,2,1,3,3,1,2,1,2,1,21
theoretic,2,4,2,1,1,4,2,1,3,1,21
Discussion,4,2,1,2,1,1,4,4,1,1,21
Healthcare,1,1,1,1,1,4,2,4,2,4,21
Mitigating,1,2,1,2,2,1,3,3,2,4,21
technology,1,2,2,5,2,2,1,2,2,2,21
conditional,1,1,5,1,2,3,1,1,3,3,21
hard,4,3,1,1,1,2,2,1,2,3,20
Grid:,1,4,3,1,4,2,2,1,1,1,20
Items,1,1,1,3,1,2,4,4,2,1,20
Split,1,1,2,4,1,1,3,2,2,3,20
Colored,2,4,3,1,2,3,1,2,1,1,20
Insights,1,2,1,1,3,2,2,2,4,2,20
Coalition,1,4,3,2,2,3,1,2,1,1,20
Forensics,2,1,1,1,3,2,2,4,1,3,20
Injection,3,1,1,3,1,1,1,3,1,5,20
Prototype,1,4,2,3,1,2,1,2,3,1,20
Indicators,2,1,2,1,1,3,2,4,3,1,20
Procedures,2,1,4,2,2,3,1,1,1,3,20
Visibility,1,4,1,3,1,2,1,1,4,2,20
supervised,2,1,1,1,1,1,1,7,3,2,20
Multilinear,1,3,2,3,1,4,2,2,1,1,20
formulation,1,2,1,2,2,4,2,2,1,3,20
area,1,4,1,3,4,1,1,2,1,1,19
world,3,2,1,1,1,3,2,3,1,2,19
Symbol,2,2,1,4,2,1,4,1,1,1,19
solver,1,5,1,3,1,2,2,1,2,1,19
Browser,1,1,4,1,1,2,1,2,2,4,19
Linking,1,1,2,1,1,2,2,1,7,1,19
Matroid,1,3,4,4,1,1,1,1,2,1,19
Bilinear,1,1,1,1,2,1,2,3,5,2,19
Privacy:,1,2,4,3,1,2,1,3,1,1,19
Verifiable,1,2,1,3,3,4,1,2,1,1,19
Non-Uniform,2,3,2,3,2,1,1,1,2,2,19
Relaxations,2,1,1,2,4,2,2,2,1,2,19
Multi-objective,1,2,2,2,3,1,1,2,2,3,19
Join,1,1,2,2,3,1,3,2,1,2,18
Pair,3,4,2,1,3,1,1,1,1,1,18
Heart,1,1,2,1,3,1,4,3,1,1,18
Table,1,2,1,3,2,2,3,1,1,2,18
Module,2,2,1,3,2,1,2,1,2,2,18
Papers,2,1,2,3,1,1,1,2,3,2,18
limits,1,1,3,3,1,2,1,3,1,2,18
Simpler,1,2,2,1,1,2,3,2,3,1,18
Metadata,1,4,2,2,1,2,1,2,2,1,18
Settings,1,1,1,1,4,2,1,1,4,2,18
implicit,1,2,2,1,4,1,1,1,4,1,18
sur,5,2,2,1,1,1,1,1,2,1,17
Third,1,2,3,1,1,2,2,2,2,1,17
times,2,2,3,2,1,1,1,2,1,2,17
active,1,1,1,1,1,4,1,4,2,1,17
Untrusted,2,2,1,1,1,1,3,2,3,1,17
Collections,1,1,2,1,4,1,2,1,2,2,17
Quantification,1,1,1,1,2,5,1,2,1,2,17
Codebook,1,1,2,2,1,2,2,2,2,1,16
Journals,6,1,2,1,1,1,1,1,1,1,16
estimating,1,1,2,1,2,1,2,2,3,1,16
Multi-Party,4,2,1,3,1,1,1,1,1,1,16
Methodologies,1,1,2,3,2,1,1,2,1,2,16
Service-Oriented,2,1,2,5,1,1,1,1,1,1,16
Tail,1,1,1,1,3,2,1,1,1,3,15
norm,3,1,1,1,3,1,1,2,1,1,15
Earth,1,1,2,1,1,1,2,1,4,1,15
Demands,2,2,2,1,1,1,1,2,2,1,15
Digraphs,1,1,2,2,2,1,3,1,1,1,15
Sketches,1,1,2,1,1,1,2,2,3,1,15
intersection,2,2,1,2,2,1,1,1,2,1,15
Undecidability,2,2,1,2,1,2,1,1,2,1,15
al,2,1,2,1,1,1,1,1,1,3,14
Gray,1,1,2,2,1,1,2,2,1,1,14
Insertion,1,2,1,2,1,2,1,2,1,1,14
investigation,1,1,1,1,1,1,3,2,2,1,14
way,1,1,1,1,2,1,2,2,1,1,13